ticker,company,sector,sub_industry,date,price,change_1m_pct,change_1y_pct,high_52w,low_52w,sma50,sma200,trend,rsi,rsi_status,volatility_pct,market_cap_b,pe_trailing,pe_forward,eps,dividend_yield_pct,roe_pct,debt_to_equity,revenue_b,net_income_b,beta,sentiment_score,news_summary,ai_summary
MMM,3M Company,Industrials,Industrial Conglomerates,2026-03-15,150.96,-12.27,5.23,173.83,123.81,162.15,157.16,Uptrend,26.45,Oversold,30.44,79.51,25.2,16.06,5.99,207.0,75.5,276.64,24.95,3.25,1.13,-0.04,ภาพรวมความเชื่อมั่นต่อหุ้น 3M อยู่ในเกณฑ์ผสมผสานค่อนไปทางลบเล็กน้อย เนื่องจากความกังวลเรื่องผลประกอบการและความไม่แน่นอนทางกฎหมาย แม้จะมีมุมมองเชิงบวกจากการคงคำแนะนำให้ซื้อของนักวิเคราะห์บางรายก็ตาม,"หุ้น MMM มีความน่าสนใจในลักษณะของการหาจังหวะ **""ซื้อเมื่อย่อตัว"" (Buy on Dip)** เนื่องจากภาพรวมระยะยาวยังเป็นแนวโน้มขาขึ้นและมีประสิทธิภาพการทำกำไร (ROE) สูงโดดเด่นถึง 75.5% ในขณะที่ระยะสั้นราคาปรับฐานลงมาจนเข้าสู่ภาวะ Oversold (RSI 26.45) ซึ่งเป็นจุดที่น่าสะสม 

หุ้นตัวนี้จึงเหมาะกับ **นักลงทุนระยะกลางถึงยาวสายเน้นคุณค่า (Value Investor)** ที่สามารถรับความผันผวนได้ระดับหนึ่ง และกำลังมองหาโอกาสเข้าสะสมหุ้นพื้นฐานแข็งแกร่งในจังหวะที่ราคาปรับตัวลดลงมาครับ"
AOS,A. O. Smith Corporation,Industrials,Building Products,2026-03-15,66.84,-16.68,4.21,80.47,58.44,73.49,69.37,Uptrend,16.29,Oversold,24.04,9.24,17.36,15.39,3.85,209.0,29.2,10.97,3.83,0.55,1.3,0.16,ภาพรวมทิศทางข่าวของหุ้น A. O. Smith อยู่ในเกณฑ์เป็นกลางถึงบวกเล็กน้อย เนื่องจากมีปัจจัยสนับสนุนด้านการลงทุนจากสถาบันและผลงานที่เหนือกว่าคู่แข่ง แม้จะเผชิญกับราคาหุ้นที่อ่อนตัวลงเมื่อเร็ว ๆ นี้ก็ตาม,"หุ้น AOS มีความน่าสนใจอย่างมาก เนื่องจากมีปัจจัยพื้นฐานการทำกำไรที่แข็งแกร่ง (ROE สูงถึง 29.2% ในขณะที่ P/E ไม่แพงที่ 17.36) และปัจจุบันราคาปรับฐานระยะสั้นลงมาแรงจนอยู่ในภาวะ Oversold อย่างหนัก (RSI 16.29) ทั้งที่แนวโน้มหลักยังคงเป็นขาขึ้น 

ดังนั้น หุ้นตัวนี้จึงเหมาะทั้งกับ **นักลงทุนเน้นคุณค่า (Value Investor)** ที่ต้องการสะสมหุ้นพื้นฐานดีในราคาถูก และ **นักลงทุนระยะสั้นสายสวิงเทรด** ที่มองหาจังหวะซื้อเก็งกำไรจากการรีบาวด์ (Buy the dip) ครับ"
ABT,Abbott Laboratories,Health Care,Health Care Equipment,2026-03-15,108.03,-4.89,-15.27,136.16,106.05,114.76,125.4,Downtrend,28.62,Oversold,20.83,187.72,29.04,17.3,3.72,233.0,12.96,26.79,44.33,6.5,0.74,-0.14,ภาพรวมทิศทางข่าวของหุ้น Abbott ค่อนข้างเป็นลบเล็กน้อยจากการถูกปรับลดความคาดหวังและผลการดำเนินงานที่ยังไม่ชัดเจนนัก แม้จะมีปัจจัยบวกจากโอกาสเติบโตในกลุ่มธุรกิจรักษาโรคหัวใจก็ตาม,"หุ้น ABT ปัจจุบันอยู่ในแนวโน้มขาลงและมีทิศทางเชิงลบ (Sentiment -0.14) สะท้อนจากราคาที่ร่วงลงกว่า 15% ในรอบ 1 ปีประกอบกับค่า P/E ที่ยังค่อนข้างสูงที่ระดับ 29 เท่า 

อย่างไรก็ตาม ด้วยสัญญาณทางเทคนิคที่เข้าสู่เขตขายมากเกินไป (RSI Oversold) หุ้นตัวนี้จึงอาจเป็นโอกาสที่น่าสนใจสำหรับ **นักลงทุนระยะยาวหรือสายสวนตลาด (Contrarian)** ที่ต้องการหาจังหวะทยอยสะสมหุ้นพื้นฐานขนาดใหญ่เพื่อรอรอบการฟื้นตัว มากกว่านักลงทุนสายเก็งกำไรระยะสั้นตามโมเมนตัม"
ABBV,AbbVie Inc.,Health Care,Biotechnology,2026-03-15,219.68,-0.55,7.33,240.69,166.16,224.22,212.28,Uptrend,35.98,Neutral,23.75,388.43,92.69,13.63,2.37,315.0,6225.0,,61.16,4.19,0.33,0.75,ข่าวส่วนใหญ่เกี่ยวกับหุ้น AbbVie มีทิศทางเป็นบวกอย่างมาก โดยชี้ให้เห็นถึงสถานะการลงทุนที่แข็งแกร่ง การเติบโตที่ดี และศักยภาพในระยะยาว,"หุ้น ABBV อยู่ในเทรนด์ขาขึ้นและให้ผลตอบแทน 1 ปีที่น่าพอใจ มี Market Cap ขนาดใหญ่และ Sentiment เชิงบวก แต่มีค่า P/E ที่สูงมากถึง 92.69 บ่งชี้ถึงการประเมินมูลค่าที่ค่อนข้างตึงตัว แม้จะมี ROE ที่สูงโดดเด่นผิดปกติ

จึงน่าสนใจสำหรับนักลงทุนที่เน้นการเติบโตระยะยาวและยอมรับความผันผวนได้ โดยควรศึกษาปัจจัยที่ทำให้ P/E และ ROE สูงขนาดนี้อย่างละเอียดก่อนตัดสินใจลงทุน"
ACN,Accenture plc,Information Technology,IT Consulting & Other Services,2026-03-15,196.65,-14.66,-37.36,322.49,191.5,242.28,259.31,Downtrend,46.12,Neutral,27.17,121.95,16.27,13.19,12.09,332.0,25.02,25.69,70.73,7.61,1.25,0.12,ข่าวเกี่ยวกับหุ้น Accenture (ACN) มีทั้งแง่บวกที่แนะนำให้ซื้อและมีเป้าหมายราคาที่สูงขึ้น ไปจนถึงความกังวลเกี่ยวกับราคาที่อาจลดลงและผลงานที่แย่กว่าตลาดในช่วงที่ผ่านมา,"หุ้น ACN กำลังอยู่ในช่วงขาลงที่ชัดเจน (ราคาลดลง 37.36% ใน 1 ปี และ sentiment ติดลบ) แต่มีพื้นฐานแข็งแกร่งด้วย P/E 16.27 และ ROE สูงถึง 25.02%
จึงน่าสนใจสำหรับนักลงทุนระยะยาวที่มองหาหุ้นคุณภาพดีในราคาที่ถูกลงและรับความผันผวนได้ ไม่เหมาะกับนักเก็งกำไรระยะสั้นที่ต้องการผลตอบแทนรวดเร็ว."
ADBE,Adobe Inc.,Information Technology,Application Software,2026-03-15,249.32,-3.05,-34.01,420.68,246.68,286.35,339.47,Downtrend,51.78,Neutral,33.47,102.35,14.93,9.46,16.7,,58.77,58.22,24.45,7.21,1.53,-0.22,ข่าวส่วนใหญ่แสดงความกังวลและทำให้หุ้น Adobe ลดลงหลังจากการประกาศลาออกของ CEO แม้ว่าผลประกอบการโดยรวมจะดีก็ตาม,"แม้หุ้น ADBE จะอยู่ในช่วง Downtrend และราคาลดลงอย่างมีนัยสำคัญกว่า 34% ในหนึ่งปี แต่มีค่า P/E ที่ต่ำเพียง 14.93 เท่า พร้อม ROE ที่โดดเด่นถึง 58.77% บ่งชี้ถึงพื้นฐานธุรกิจที่แข็งแกร่งและอาจมีราคาที่น่าสนใจหลังการปรับฐาน.

หุ้นตัวนี้น่าสนใจสำหรับนักลงทุนระยะยาวที่รับความเสี่ยงได้สูงและกำลังมองหาโอกาสลงทุนในหุ้นคุณภาพที่อาจจะ undervalued หลังจากราคาปรับตัวลงมามาก เพื่อรอการกลับตัวของเทรนด์ในอนาคต."
AMD,"Advanced Micro Devices, Inc.",Information Technology,Semiconductors,2026-03-15,193.39,-9.45,97.12,264.33,78.21,216.13,190.82,Uptrend,48.11,Neutral,52.96,315.31,74.1,17.76,2.61,,7.08,6.36,34.64,4.27,2.02,-0.02,ข่าวเกี่ยวกับ AMD มีทั้งมุมมองบวกเกี่ยวกับศักยภาพด้าน AI และการลงทุนจากสถาบัน แต่ก็มีข่าวลบเกี่ยวกับการแข่งขันที่รุนแรงขึ้นและราคาหุ้นที่ปรับตัวลดลง,"หุ้น AMD ยังคงมีแนวโน้มขาขึ้นในระยะยาว (Uptrend) และมีการเติบโตที่น่าประทับใจตลอดปีที่ผ่านมา แม้จะมีการปรับฐานลงเล็กน้อยในเดือนล่าสุด

ด้วยค่า P/E ที่สูงถึง 74.1 และความผันผวนสูง หุ้นนี้น่าสนใจสำหรับ**นักลงทุนระยะยาวที่เน้นการเติบโตสูง (Growth Investor)** และสามารถยอมรับความเสี่ยงจากราคาที่แพงและความผันผวนได้"
AES,The AES Corporation,Utilities,Independent Power Producers & Energy Traders,2026-03-15,14.19,-13.69,22.16,17.28,9.27,15.0,13.33,Uptrend,28.12,Oversold,42.56,10.11,10.83,5.95,1.31,496.0,1.95,259.39,12.23,0.94,0.94,-0.4,ข่าวส่วนใหญ่เกี่ยวกับหุ้น AES แสดงผลงานที่ต่ำกว่ามาตรฐานและการประกาศข้อเสนอซื้อกิจการที่ 15 ดอลลาร์ต่อหุ้น ซึ่งส่งผลให้ราคาหุ้นลดลงอย่างมีนัยสำคัญ บ่งชี้ถึงภาพรวมที่เป็นลบ,"หุ้น AES มีแนวโน้มหลักเป็นขาขึ้น แต่ราคาร่วงแรงในเดือนที่ผ่านมาจนเข้าสู่ภาวะ Oversold (RSI 28.12) ซึ่งอาจเป็นจุดน่าสนใจสำหรับนักลงทุนที่มองหาจังหวะการกลับตัวระยะสั้น

อย่างไรก็ตาม ด้วยความผันผวนที่สูง (42.56%) และ ROE ที่ยังต่ำมาก (1.95%) หุ้นนี้จึงเหมาะกับนักลงทุนที่รับความเสี่ยงได้สูง เน้นการเทรดตามสัญญาณเทคนิคในระยะกลางถึงสั้น มากกว่าการลงทุนระยะยาวโดยอิงจากพื้นฐานที่แข็งแกร่ง"
AFL,Aflac Incorporated,Financials,Life & Health Insurance,2026-03-15,108.71,-5.99,5.68,116.85,96.54,111.19,107.05,Uptrend,30.22,Neutral,20.02,56.13,15.94,13.99,6.82,224.0,13.12,42.68,17.16,3.65,0.65,-0.2,ข่าวส่วนใหญ่บ่งชี้ถึงการขายหุ้นโดยผู้บริหารหรือสถาบัน ซึ่งส่งผลให้ภาพรวมเป็นลบเล็กน้อย แม้จะมีข่าวหนึ่งที่แสดงผลตอบแทนในอดีตที่ดีก็ตาม,"หุ้น AFL อยู่ในแนวโน้มขาขึ้น แต่ราคาลดลงเล็กน้อยในเดือนที่ผ่านมา (RSI ใกล้เขต Oversold) พร้อมพื้นฐานแข็งแกร่ง (P/E 15.94, ROE 13.12%) และเป็นหุ้นขนาดใหญ่ จึงน่าสนใจสำหรับนักลงทุนระยะยาวที่มองหาโอกาสซื้อหุ้นคุณภาพดีในช่วงที่ราคาอ่อนตัวเพื่อถือครอง."
A,"Agilent Technologies, Inc.",Health Care,Life Sciences Tools & Services,2026-03-15,111.51,-13.49,-4.2,156.92,98.71,130.51,129.65,Uptrend,21.71,Oversold,28.29,31.54,24.62,17.01,4.53,91.0,19.95,51.39,7.06,1.29,1.31,-0.44,"ข่าวส่วนใหญ่บ่งชี้ถึงมุมมองเชิงลบต่อหุ้น Agilent Technologies ทั้งจากการลดสถานะ, คำแนะนำไม่ให้ซื้อ, และข้อสงสัยเกี่ยวกับผลงาน, แม้จะมีข้อเสนอแนะว่าราคาอาจน่าสนใจหลังอ่อนตัวลง.","หุ้น Agilent Technologies (A) น่าสนใจสำหรับนักลงทุนที่มองหาโอกาส ""ซื้อเมื่อราคาตก"" เนื่องจากเป็นบริษัทที่มีพื้นฐานแข็งแกร่ง (ROE สูง) และอยู่ในเทรนด์ขาขึ้น แม้ราคาจะลดลงอย่างมากจน RSI บ่งชี้ภาวะ Oversold ในระยะสั้น

จึงเหมาะกับนักลงทุนที่รับความผันผวนได้และเน้นลงทุนระยะกลางถึงยาว เพื่อรอการฟื้นตัวจากการถูกขายมากเกินไปในปัจจุบัน"
APD,"Air Products and Chemicals, Inc.",Materials,Industrial Gases,2026-03-15,287.98,-1.76,0.96,295.18,229.09,272.4,270.2,Uptrend,55.68,Neutral,27.05,64.12,,20.53,-1.47,251.0,-1.67,101.99,12.21,-0.33,0.86,0.3,ข่าวส่วนใหญ่เกี่ยวกับ Air Products and Chemicals Inc. (APD) แสดงให้เห็นถึงแนวโน้มเชิงบวกเล็กน้อย โดยเฉพาะการที่ราคาหุ้นเพิ่มขึ้นและการได้รับการอัปเกรดจาก Wells Fargo.,"หุ้น APD แม้มีแนวโน้มขาขึ้นและเป็นบริษัทขนาดใหญ่ ($64.12B) แต่**การไม่มี P/E และ ROE ที่ติดลบ (-1.67%) บ่งชี้ถึงปัญหาด้านผลกำไร** ทำให้หุ้นดูมีความเสี่ยงสูง

นอกจากนี้ ยังมีความผันผวนสูง (27.05%) **จึงไม่น่าสนใจสำหรับนักลงทุนที่เน้นความมั่นคงหรือรับความเสี่ยงได้ต่ำ** และควรศึกษาข้อมูลเชิงลึกด้านผลประกอบการอย่างละเอียดก่อนตัดสินใจลงทุน"
ABNB,"Airbnb, Inc.",Consumer Discretionary,"Hotels, Resorts & Cruise Lines",2026-03-15,126.3,5.65,5.8,142.16,105.69,130.41,128.56,Uptrend,54.94,Neutral,36.27,75.72,31.34,21.76,4.03,,30.23,27.7,12.24,2.51,1.16,0.12,ข่าวโดยรวมผสมผสานระหว่างการลงทุนจากสถาบัน การตั้งคำถามถึงมูลค่าและผลงานของหุ้น และการวิเคราะห์การปรับตัวลงของราคาหุ้น ซึ่งมีแนวโน้มเป็นบวกเล็กน้อย,"หุ้น ABNB น่าสนใจสำหรับนักลงทุนที่มองหาหุ้นเติบโตในระยะกลางถึงยาว เนื่องจากอยู่ในเทรนด์ขาขึ้น มี ROE ที่โดดเด่นถึง 30.23% และมี P/E ที่สมเหตุสมผลสำหรับหุ้นกลุ่มนี้
แม้จะมีความผันผวนปานกลาง ก็เหมาะกับนักลงทุนที่รับความเสี่ยงได้และเน้นบริษัทที่มีพื้นฐานแข็งแกร่งและมีแนวโน้มการเติบโตต่อเนื่อง"
AKAM,"Akamai Technologies, Inc.",Information Technology,Internet Services & Infrastructure,2026-03-15,107.67,13.58,36.88,111.76,68.21,97.13,83.81,Uptrend,70.19,Overbought,34.86,15.6,35.07,14.17,3.07,,9.17,114.02,4.21,0.45,0.7,0.52,ภาพรวมของข่าวเกี่ยวกับ Akamai Technologies ส่วนใหญ่เป็นเชิงบวก โดยมีการกล่าวถึงผลงานที่ดี การปรับเป้าหมายราคาเพิ่มขึ้น และการเข้าซื้อหุ้น แม้จะมีข้อควรระวังบางประเด็น,"หุ้น AKAM น่าสนใจจากผลงานที่ดีและเทรนด์ขาขึ้นที่แข็งแกร่งในช่วง 1 เดือนและ 1 ปีที่ผ่านมา อย่างไรก็ตาม ด้วยค่า RSI ที่สูงมาก (Overbought), P/E ที่ค่อนข้างสูง และความผันผวนที่สูง หุ้นนี้จึง**เหมาะกับนักลงทุนที่รับความเสี่ยงได้สูงและเน้นการลงทุนระยะยาว** เพื่อหวังผลจากปัจจัยพื้นฐานและการเติบโตในอนาคตมากกว่าการเก็งกำไรระยะสั้นที่อาจมีความเสี่ยงจากการปรับฐาน."
ALB,Albemarle Corporation,Materials,Specialty Chemicals,2026-03-15,158.22,-9.59,123.62,195.39,49.88,169.69,109.13,Uptrend,38.23,Neutral,56.8,18.65,,18.22,-5.76,102.0,-4.66,33.95,5.14,-0.68,1.48,0.34,ภาพรวมข่าว Albemarle Corporation ส่วนใหญ่เป็นไปในเชิงบวกอย่างชัดเจน โดยเน้นที่การเพิ่มขึ้นของราคาหุ้นและราคาลิเธียม แม้จะมีข่าวการขายหุ้นโดยบริษัทจัดการสินทรัพย์บางแห่งก็ตาม,"หุ้น Albemarle (ALB) อยู่ในเทรนด์ขาขึ้นที่แข็งแกร่งในรอบปี (+123.62%) แม้จะมีการย่อตัวในเดือนที่ผ่านมา แต่มีความผันผวนสูงและบริษัทกำลังขาดทุน (P/E ไม่มี, ROE ติดลบ)

ดังนั้น หุ้นนี้น่าสนใจสำหรับนักลงทุนที่รับความเสี่ยงสูงมาก เน้นการเติบโตในอุตสาหกรรมระยะยาว (เช่น ลิเธียม) และไม่กังวลกับผลประกอบการที่ติดลบในปัจจุบัน"
ARE,"Alexandria Real Estate Equities, Inc.",Real Estate,Office REITs,2026-03-15,48.41,-9.95,-46.68,93.49,44.32,53.88,64.55,Downtrend,27.6,Oversold,34.15,8.39,,-605.12,-8.44,843.0,-5.86,66.61,3.02,-1.44,1.32,-0.06,ข่าวส่วนใหญ่แสดงให้เห็นถึงความกังวลเล็กน้อยเกี่ยวกับผลการดำเนินงานของหุ้นและการลดสัดส่วนการลงทุน แต่ก็มีข่าวดีเกี่ยวกับชื่อเสียงด้านการกุศลและเงินปันผลที่มั่นคง,"หุ้น ARE อยู่ในแนวโน้มขาลงชัดเจนและไม่ทำกำไรต่อเนื่อง (P/E ไม่มี, ROE ติดลบ) แม้ RSI จะอยู่ในภาวะ Oversold แต่มีความผันผวนสูงและปัจจัยพื้นฐานยังไม่เอื้ออำนวย
จึงไม่น่าสนใจสำหรับนักลงทุนทั่วไป แต่เหมาะสำหรับนักลงทุนที่รับความเสี่ยงสูงมากและเน้นการเก็งกำไรระยะสั้นจากสัญญาณทางเทคนิคเท่านั้น โดยต้องติดตามการฟื้นตัวของปัจจัยพื้นฐานอย่างใกล้ชิด"
ALGN,"Align Technology, Inc.",Health Care,Health Care Supplies,2026-03-15,164.23,-16.85,2.32,207.19,124.88,175.04,159.95,Uptrend,32.1,Neutral,46.8,11.78,29.07,13.39,5.65,,10.39,2.83,4.03,0.41,1.82,0.18,ภาพรวม sentiment ของข่าวผสมผสาน โดยมีทั้งข่าวเชิงบวกจากการซื้อหุ้นของสถาบันและผลประกอบการที่ดี และข่าวเชิงลบเรื่องราคาหุ้นที่ลดลงและการด้อยกว่าคู่แข่ง,"หุ้น ALGN มีแนวโน้มหลักเป็นขาขึ้น แต่ราคาปรับลดลงแรงถึง -16.85% ในเดือนที่ผ่านมา ทำให้ RSI อยู่ในระดับต่ำใกล้โซน oversold (32.1) พร้อม P/E ที่ค่อนข้างสูง (29.07) และความผันผวนสูง (46.8%)

จึงน่าสนใจสำหรับนักลงทุนที่รับความเสี่ยงได้สูง มองหาโอกาส ""ซื้อเมื่อย่อ"" ในหุ้นเติบโต และสามารถถือลงทุนระยะกลางถึงยาวได้ โดยต้องติดตามสัญญาณการกลับตัวและ Sentiment ของตลาดอย่างใกล้ชิด"
ALLE,Allegion plc,Industrials,Building Products,2026-03-15,145.35,-18.67,17.64,179.09,117.64,162.38,161.6,Uptrend,26.34,Oversold,24.4,12.52,19.54,15.33,7.44,143.0,36.08,104.0,4.07,0.64,1.01,-0.1,ข่าวมีการแสดงความเห็นที่หลากหลาย ทั้งเชิงบวกจากการลงทุนของสถาบันและแผนกลยุทธ์ในอนาคต และเชิงลบจากคำแนะนำให้ขายหุ้นและการที่หุ้นมีผลงานต่ำกว่าคู่แข่ง โดยรวมแล้วมีแนวโน้มเป็นลบเล็กน้อย,"หุ้น ALLE น่าสนใจ เนื่องจากมีพื้นฐานที่แข็งแกร่ง (ROE สูง 36.08%) และเทรนด์โดยรวมยังเป็นขาขึ้น แม้ราคาจะปรับตัวลงมามากถึง -18.67% ในช่วง 1 เดือนที่ผ่านมา จน RSI อยู่ในภาวะ Oversold (26.34) ซึ่งบ่งชี้ถึงโอกาสในการฟื้นตัว

จึงเหมาะกับนักลงทุนที่รับความผันผวนได้ และมองหาโอกาสในการเข้าซื้อเมื่อหุ้นย่อตัวเพื่อหวังการฟื้นตัวในระยะสั้นถึงกลาง โดยอาศัยจังหวะที่เทคนิคอลเป็น Oversold ในขณะที่พื้นฐานยังดี"
LNT,Alliant Energy Corporation,Utilities,Electric Utilities,2026-03-15,72.79,6.68,20.73,72.79,56.96,68.26,65.08,Uptrend,57.43,Neutral,18.15,18.72,23.18,19.79,3.14,283.0,11.3,168.08,4.36,0.81,0.61,0.4,ข่าวส่วนใหญ่เกี่ยวกับหุ้น Alliant Energy เป็นบวก โดยมีทั้งการทำราคาสูงสุดเป็นประวัติการณ์ การซื้อโดยกลุ่มทุน และการจัดอันดับ Outperform แม้จะมีข่าวที่ชี้ว่าหุ้นยังทำผลงานได้ไม่ดีเมื่อเทียบกับคู่แข่ง,หุ้น LNT (Alliant Energy) มีแนวโน้มขาขึ้นที่แข็งแกร่ง และราคาปรับตัวขึ้นโดดเด่นถึง 20.73% ในหนึ่งปี แม้ P/E จะค่อนข้างสูงที่ 23.18 แต่ ROE ที่ 11.3% ก็แสดงถึงประสิทธิภาพในการทำกำไรที่ดี ทำให้หุ้นนี้น่าสนใจสำหรับนักลงทุนที่มองหาการเติบโตอย่างมั่นคงในระยะยาว
ALL,The Allstate Corporation,Financials,Property & Casualty Insurance,2026-03-15,206.17,1.21,4.07,214.18,177.05,203.99,201.43,Uptrend,52.27,Neutral,24.66,53.51,5.42,8.18,38.06,210.0,39.52,25.09,67.68,10.17,0.21,-0.02,โดยรวมแล้ว ภาพรวมข่าวมีแนวโน้มเป็นลบเล็กน้อย เนื่องจากนักวิเคราะห์ปรับลดเป้าหมายราคาและมีการกล่าวถึงการซื้อขายที่ผันผวน แม้จะมีข่าวการซื้อหุ้นจากสถาบันก็ตาม,"หุ้น ALL ดูน่าสนใจเป็นอย่างยิ่งสำหรับนักลงทุนที่มองหาหุ้นคุณค่า (Value Stock) ด้วย P/E ที่ต่ำมากเพียง 5.42 และ ROE ที่สูงถึง 39.52% ซึ่งแสดงถึงพื้นฐานที่แข็งแกร่งและมีประสิทธิภาพในการทำกำไรสูง
แม้ราคาจะอยู่ในเทรนด์ขาขึ้นและ RSI เป็นกลาง แต่ก็มีความผันผวนปานกลาง จึงเหมาะกับนักลงทุนที่ยอมรับความผันผวนได้และมองหาการเติบโตจากบริษัทที่มีปัจจัยพื้นฐานดีในระยะยาว"
GOOGL,Alphabet Inc.,Communication Services,Interactive Media & Services,2026-03-15,302.28,-2.72,86.37,343.45,144.2,318.75,256.13,Uptrend,39.43,Neutral,28.98,3656.68,27.94,22.54,10.82,28.0,35.71,16.13,402.84,132.17,1.11,0.14,ภาพรวมข่าวหุ้น Alphabet มีแนวโน้มเป็นบวกเล็กน้อย โดยเน้นที่ศักยภาพการเติบโตจาก AI และคำแนะนำการลงทุน แม้จะมีรายงานราคาหุ้นลดลงในข่าวเดียวก็ตาม,หุ้น GOOGL น่าสนใจมากด้วยผลตอบแทน 1 ปีที่โดดเด่นถึง 86.37% และมีแนวโน้มขาขึ้นที่ชัดเจน พร้อมด้วย ROE ที่สูงถึง 35.71% แสดงถึงการทำกำไรที่ดีเยี่ยม แม้จะมีการปรับฐานระยะสั้นและมีความผันผวนปานกลาง หุ้นนี้จึงเหมาะกับนักลงทุนที่มองหาการเติบโตระยะยาวจากบริษัทเทคโนโลยีขนาดใหญ่ที่มีคุณภาพสูง.
GOOG,Alphabet Inc.,Communication Services,Interactive Media & Services,2026-03-15,301.46,-3.1,83.64,344.66,146.08,319.01,256.79,Uptrend,38.48,Neutral,28.74,3646.76,27.86,22.48,10.82,28.0,35.71,16.13,402.84,132.17,1.11,0.26,ข่าวส่วนใหญ่แสดง sentiment เป็นบวกเล็กน้อย โดยเฉพาะอย่างยิ่งจากการเข้าซื้อหุ้นของสถาบันและการเติบโตจาก AI แม้จะมีการจำหน่ายหุ้นโดยผู้ก่อตั้งและการวิเคราะห์ที่เป็นกลาง.,"หุ้น GOOG (Alphabet Inc.) น่าสนใจด้วยแนวโน้มขาขึ้นที่แข็งแกร่งและผลตอบแทนโดดเด่นในรอบปีที่ผ่านมา ประกอบกับ P/E ที่สมเหตุสมผลสำหรับหุ้นเทคโนโลยีขนาดใหญ่ และ ROE ที่สูงบ่งชี้ความสามารถในการทำกำไรที่ดีเยี่ยม

จึงเหมาะสำหรับนักลงทุนที่เน้นการเติบโตในระยะยาว (Growth Investor) และสามารถรับความผันผวนได้ในระดับปานกลาง แม้จะมีการปรับฐานเล็กน้อยในระยะสั้นก็ตาม"
MO,"Altria Group, Inc.",Consumer Staples,Tobacco,2026-03-15,67.89,2.99,24.26,69.7,52.78,63.93,60.89,Uptrend,42.52,Neutral,18.79,113.97,16.48,11.69,4.12,625.0,,,20.14,6.93,0.43,-0.1,ข่าวส่วนใหญ่เกี่ยวกับ Altria Group สะท้อนถึงความกังวลเล็กน้อยจากการตกของราคาหุ้นและการพิจารณาการขาย แม้จะมีข่าวดีเกี่ยวกับการเข้าซื้อหุ้นโดยสถาบันและความน่าสนใจในฐานะหุ้นปันผลก็ตาม,"หุ้น MO (Altria Group, Inc.) อยู่ในเทรนด์ขาขึ้นและมีผลตอบแทนที่ดีในรอบ 1 ปี (24.26%) อย่างไรก็ตาม ควรพิจารณาอย่างระมัดระวังเนื่องจากมีค่า ROE เป็น ""None%"" ซึ่งบ่งชี้ถึงปัญหาด้านประสิทธิภาพการทำกำไรเมื่อเทียบกับส่วนของผู้ถือหุ้น และมี Sentiment Score ติดลบเล็กน้อย

จึงยังไม่น่าสนใจสำหรับนักลงทุนทั่วไปที่เน้นพื้นฐานแข็งแกร่ง และเหมาะกับนักลงทุนที่พร้อมศึกษาข้อมูลเชิงลึกเพิ่มเติมเกี่ยวกับสาเหตุของ ROE ก่อนตัดสินใจลงทุน"
AMZN,"Amazon.com, Inc.",Consumer Discretionary,Broadline Retail,2026-03-15,207.67,1.76,7.11,254.0,167.32,223.31,224.7,Downtrend,53.35,Neutral,31.16,2229.32,29.0,22.23,7.16,,22.29,43.44,716.92,77.67,1.42,0.26,ข่าวส่วนใหญ่มีมุมมองเชิงบวกต่อ Amazon โดยเน้นย้ำถึงโอกาสในการลงทุนและการเติบโต แม้จะมีรายงานเชิงลบเกี่ยวกับราคาหุ้นที่ลดลงเล็กน้อยในบางกรณี,"แม้ AMZN จะอยู่ในช่วงเทรนด์ขาลงในระยะสั้นและมี Sentiment ไม่สูงนัก (0.26) แต่พื้นฐานยังแข็งแกร่งด้วย P/E 29.0 และ ROE ยอดเยี่ยมที่ 22.29% บ่งชี้ถึงการทำกำไรที่ดี
ด้วย Market Cap ขนาดใหญ่ ($2.22T) หุ้นนี้น่าสนใจสำหรับนักลงทุนระยะยาวที่มองหาโอกาสสะสมหุ้นของบริษัทคุณภาพสูงในช่วงที่ราคาย่อตัว และสามารถรับความผันผวนได้เล็กน้อย"
AMCR,Amcor plc,Materials,Paper & Plastic Packaging Products & Materials,2026-03-15,40.57,-17.94,-13.43,49.92,38.59,44.89,43.38,Uptrend,7.54,Oversold,24.32,18.75,30.5,9.18,1.33,641.0,7.73,138.73,19.61,0.6,0.64,-0.2,ข่าวส่วนใหญ่บ่งชี้ถึงผลการดำเนินงานของหุ้น Amcor ที่ลดลงและการขายหุ้นโดยสถาบัน แม้จะมีข่าวการเข้าซื้อหุ้นโดยสถาบันหนึ่งก็ตาม,"หุ้น AMCR กำลังเผชิญกับราคาที่ลดลงอย่างรุนแรงและอยู่ในภาวะ Oversold อย่างมาก (RSI 7.54) ซึ่งอาจเป็นโอกาสสำหรับนักลงทุนที่กล้าเสี่ยงมองหาการกลับตัวในระยะสั้น อย่างไรก็ตาม P/E ที่ค่อนข้างสูง (30.5) และความผันผวนที่ชัดเจน แสดงว่าหุ้นนี้ไม่ได้มีราคาถูก และการวิเคราะห์ ""Uptrend"" อาจต้องพิจารณาร่วมกับการปรับฐานราคาครั้งใหญ่

**สรุป:** หุ้นนี้อาจน่าสนใจสำหรับ**นักลงทุนที่รับความเสี่ยงได้สูง** และเน้นการลงทุนระยะยาวที่เชื่อมั่นในพื้นฐานบริษัท โดยมองหาโอกาส ""ซื้อเมื่อราคาตกต่ำ"" (buy the dip) แต่ต้องติดตามสถานการณ์อย่างใกล้ชิดและพิจารณาถึงความผันผวนสูง."
AEE,Ameren Corporation,Utilities,Multi-Utilities,2026-03-15,112.04,6.4,17.68,112.57,91.58,105.57,100.4,Uptrend,57.52,Neutral,18.57,30.97,20.9,19.32,5.36,268.0,11.34,147.12,8.47,1.46,0.53,0.34,ข่าวส่วนใหญ่เกี่ยวกับหุ้น Ameren (AEE) มีแนวโน้มเชิงบวก โดยมีการกล่าวถึงการปรับขึ้นของราคาหุ้น การทำผลงานได้ดีกว่าคู่แข่ง และการถือครองหุ้นของนักลงทุนสถาบัน,"หุ้น AEE (Ameren Corporation) น่าสนใจด้วยแนวโน้มขาขึ้นที่ชัดเจน และราคาที่เติบโตดีอย่างต่อเนื่องในช่วง 1 ปีที่ผ่านมา (17.68%) แม้ P/E จะอยู่ที่ 20.9 ซึ่งไม่ได้ถูกนัก แต่มี ROE ที่ดี (11.34%)

จึงเหมาะสำหรับนักลงทุนที่มองหาการเติบโตที่มั่นคงและมีพื้นฐานดีในระยะยาว โดยยอมรับ P/E ที่อยู่ในระดับปานกลางสำหรับหุ้นกลุ่มสาธารณูปโภค"
AEP,"American Electric Power Company, Inc.",Utilities,Electric Utilities,2026-03-15,133.61,9.29,32.45,133.82,96.26,123.27,113.45,Uptrend,56.86,Neutral,19.41,72.26,20.09,19.48,6.65,284.0,12.49,154.24,21.88,3.58,0.57,0.7,ข่าวส่วนใหญ่เป็นบวก แสดงถึงความเชื่อมั่นของนักลงทุนที่เพิ่มขึ้น ผลตอบแทนที่ดีขึ้น และแนวโน้มการเติบโตที่ได้รับการยืนยันสำหรับบริษัท American Electric Power.,"หุ้น AEP มีผลตอบแทนโดดเด่นทั้งระยะสั้นและยาว พร้อมเทรนด์ขาขึ้นที่ชัดเจน แต่มีค่า P/E ที่ 20.09 ซึ่งถือว่าค่อนข้างสูงสำหรับหุ้นกลุ่มสาธารณูปโภค จึงอาจต้องพิจารณาเรื่องมูลค่า

โดยรวมแล้ว หุ้นนี้น่าสนใจสำหรับนักลงทุนระยะยาวที่มองหาความมั่นคง และยอมรับพรีเมียมจากผลงานที่ดีและแนวโน้มเชิงบวกได้ แต่ควรศึกษาเรื่องมูลค่าอย่างละเอียดก่อนลงทุน"
AXP,American Express Company,Financials,Consumer Finance,2026-03-15,299.96,-15.27,18.22,384.04,229.71,344.85,334.15,Uptrend,35.42,Neutral,27.27,206.63,19.49,14.91,15.39,127.0,33.99,190.92,66.97,10.7,1.15,0.1,ข่าวแสดงความรู้สึกที่ผสมผสาน โดยมีทั้งข่าวการลดลงของราคาหุ้นและข่าวเชิงบวกเกี่ยวกับการเข้าซื้อหุ้นและผลตอบแทนระยะยาว,หุ้น AXP น่าสนใจสำหรับนักลงทุนที่มองหาการเติบโตในระยะยาว เนื่องจากยังคงอยู่ในเทรนด์ขาขึ้นและมี ROE สูงถึง 33.99% ซึ่งบ่งชี้ถึงประสิทธิภาพการทำกำไรที่โดดเด่น แม้ราคาจะปรับลดลง 15.27% ในเดือนที่ผ่านมา ทำให้ RSI อยู่ในระดับเป็นกลางและอาจเป็นจังหวะที่น่าพิจารณาเข้าลงทุน โดยเหมาะกับนักลงทุนที่รับความผันผวนระดับปานกลางได้ (Volatility 27.27%)
AIG,"American International Group, Inc.",Financials,Multi-line Insurance,2026-03-15,76.74,-2.17,-3.88,86.59,71.89,77.1,79.3,Downtrend,34.89,Neutral,23.39,41.41,14.13,8.67,5.43,235.0,7.4,24.41,26.61,3.1,0.58,0.4,ข่าวส่วนใหญ่เป็นบวกสำหรับ AIG โดย Goldman Sachs ได้ปรับเพิ่มเป้าหมายราคาและแนะนำให้ซื้อ แม้จะมีรายงานหนึ่งที่ระบุว่ามีการลดการถือหุ้นก็ตาม,"หุ้น AIG กำลังอยู่ในเทรนด์ขาลงอย่างชัดเจน ราคาลดลงต่อเนื่องทั้ง 1 เดือนและ 1 ปี ประกอบกับ ROE ที่ค่อนข้างต่ำและความผันผวนพอสมควร

จึงยังไม่น่าสนใจสำหรับนักลงทุนที่มองหาหุ้นเติบโตหรือต้องการความมั่นคงในระยะสั้น แต่หากเป็นนักลงทุนระยะยาวที่รับความเสี่ยงสูงและสนใจการลงทุนสวนกระแส อาจต้องศึกษาปัจจัยพื้นฐานเพิ่มเติมอย่างละเอียดก่อนตัดสินใจลงทุน."
AMT,American Tower Corporation,Real Estate,Telecom Tower REITs,2026-03-15,184.41,2.18,-8.13,228.1,168.51,180.92,191.81,Downtrend,42.35,Neutral,25.48,86.33,34.15,26.69,5.4,374.0,26.28,434.21,10.64,2.53,0.91,-0.3,ข่าวส่วนใหญ่บ่งชี้ถึงแนวโน้มเชิงลบสำหรับหุ้น American Tower (AMT) โดยมีการเทขายจากสถาบันและผลงานที่แย่กว่าตลาดโดยรวม แม้จะมีการขึ้นเงินปันผล.,"หุ้น AMT กำลังอยู่ในเทรนด์ขาลงอย่างชัดเจน และมี P/E สูงถึง 34.15 ซึ่งบ่งชี้ว่าราคาค่อนข้างแพง แม้จะมี ROE ที่ดีเยี่ยมถึง 26.28% แต่ภาพรวม 1 ปีติดลบและ sentiment โดยรวมเป็นลบ

ดังนั้น หุ้นตัวนี้ **ยังไม่น่าสนใจสำหรับนักลงทุนทั่วไปหรือผู้ที่เน้นคุณค่า** ในปัจจุบัน อาจเหมาะสำหรับนักลงทุนที่มีประสบการณ์สูงที่รับความเสี่ยงได้มาก และมองหาโอกาสการกลับตัวในระยะยาวเท่านั้น หากเชื่อมั่นในพื้นฐานธุรกิจในอนาคต."
AWK,"American Water Works Company, Inc.",Utilities,Water Utilities,2026-03-15,139.69,12.94,0.47,148.23,122.12,130.58,134.73,Downtrend,65.9,Neutral,22.2,27.27,24.55,21.25,5.69,237.0,10.5,146.99,5.14,1.11,0.76,0.1,ข่าวส่วนใหญ่แสดงความรู้สึกที่หลากหลาย โดยบางหัวข้อตั้งคำถามถึงผลงานที่ต่ำกว่ามาตรฐานของหุ้น ในขณะที่บางหัวข้อเน้นการเข้าซื้อของสถาบันและโอกาสในการลงทุนที่มีมูลค่า,"หุ้น AWK กำลังอยู่ในช่วงขาลงและมีค่า P/E ค่อนข้างสูงสำหรับหุ้นสาธารณูปโภค แม้ราคาจะปรับขึ้นแรงใน 1 เดือน แต่ Sentiment โดยรวมยังไม่ดีนัก

จึงยังไม่น่าสนใจสำหรับนักลงทุนที่เน้นความมั่นคงหรือ Value Investor และเหมาะกับนักลงทุนที่รับความเสี่ยงได้สูงและติดตามสถานการณ์อย่างใกล้ชิดเท่านั้น"
AMP,"Ameriprise Financial, Inc.",Financials,Asset Management & Custody Banks,2026-03-15,442.08,-9.03,-5.18,543.89,416.77,491.06,492.91,Downtrend,44.51,Neutral,25.37,41.07,12.18,9.49,36.29,145.0,60.51,57.6,18.91,3.56,1.27,0.06,ข่าวเกี่ยวกับหุ้น $AMP แสดงให้เห็นถึงกิจกรรมการซื้อขายที่หลากหลาย ทั้งการเพิ่มและลดสถานะการลงทุน และการที่บริษัทเข้าลงทุนในหุ้นอื่น ซึ่งโดยรวมมีแนวโน้มเป็นบวกเล็กน้อย,"หุ้น AMP กำลังอยู่ในช่วงขาลงและมีความผันผวนสูง แต่มีจุดเด่นที่ค่า ROE แข็งแกร่งมากถึง 60.51% และ P/E อยู่ในระดับที่น่าสนใจ (12.18)

ดังนั้น หุ้นตัวนี้น่าสนใจสำหรับนักลงทุนที่รับความเสี่ยงได้สูง เน้นลงทุนระยะยาว และมองหาหุ้นคุณค่าที่มีพื้นฐานดีในจังหวะที่ราคาอ่อนตัวเพื่อรอการกลับตัว ไม่เหมาะกับนักลงทุนที่เน้นเก็งกำไรระยะสั้นหรือรับความเสี่ยงได้น้อย"
AME,"AMETEK, Inc.",Industrials,Electrical Components & Equipment,2026-03-15,214.49,-8.84,24.88,241.46,150.67,224.17,196.36,Uptrend,34.08,Neutral,21.05,49.38,33.57,24.6,6.39,63.0,14.59,24.19,7.4,1.48,1.01,0.12,ข่าวมีความรู้สึกผสมผสานกัน โดยมีทั้งสัญญาณบวกจากการเข้าซื้อหุ้น ผลประกอบการที่ดี และเงินปันผลที่เพิ่มขึ้น ควบคู่ไปกับความกังวลเกี่ยวกับการปรับตัวของราคาหุ้นและการลดสัดส่วนการถือหุ้นโดยสถาบัน,"หุ้น AME อยู่ในเทรนด์ขาขึ้นที่แข็งแกร่งในระยะยาว (+24.88% ใน 1 ปี) แม้จะมีการปรับฐานลงมาเกือบ 9% ในเดือนล่าสุด และมี P/E ที่ค่อนข้างสูง (33.57 เท่า)

ด้วย ROE ที่ดี (14.59%) และ RSI ที่เป็นกลาง (34.08) ทำให้หุ้นนี้น่าสนใจสำหรับ**นักลงทุนระยะยาวที่เน้นหุ้นเติบโตคุณภาพดี และรับความผันผวนของราคาพร้อม P/E ที่สูงได้** โดยอาจพิจารณาจังหวะเข้าซื้อในช่วงที่ราคาย่อตัว."
AMGN,Amgen Inc.,Health Care,Biotechnology,2026-03-15,366.21,0.59,20.81,388.16,254.3,355.42,310.95,Uptrend,40.34,Neutral,25.72,197.41,25.7,15.74,14.25,275.0,106.1,640.27,36.75,7.71,0.42,0.36,ข่าวส่วนใหญ่เกี่ยวกับ Amgen มีแนวโน้มเป็นบวก โดยเฉพาะอย่างยิ่งจากยอดขายยาที่แข็งแกร่งและการมุ่งเน้นยาใหม่ แม้จะมีบางข่าวเกี่ยวกับการขายหุ้นของนักลงทุนและคำถามเรื่องราคาหุ้น,"หุ้น AMGN มีแนวโน้มขาขึ้นที่แข็งแกร่ง พร้อมผลตอบแทน 1 ปีโดดเด่นที่ +20.81% และมี ROE สูงถึง 106.1% ซึ่งเป็นจุดแข็งสำคัญ แม้ P/E จะค่อนข้างสูงและมีความผันผวนในระดับปานกลาง แต่ RSI ยังคงเป็นกลาง

โดยรวมจึงเป็นหุ้นที่น่าสนใจสำหรับ **นักลงทุนที่มองหาการเติบโตในระยะกลางถึงยาวในหุ้นที่มีพื้นฐานดี และสามารถรับความผันผวนได้บ้าง**"
APH,Amphenol Corporation,Information Technology,Electronic Components,2026-03-15,133.92,-7.03,119.0,166.25,58.79,143.7,123.68,Uptrend,36.5,Neutral,31.58,164.62,40.22,26.02,3.33,75.0,36.85,118.94,23.09,4.27,1.21,-0.12,โดยรวมแล้ว ข่าวเกี่ยวกับ Amphenol มีทั้งด้านบวกที่เน้นผลงานที่ดีในอดีต และด้านลบที่ชี้ถึงการขายหุ้น ความตกต่ำของราคา และประสิทธิภาพที่แย่กว่าคู่แข่งในปัจจุบัน,"หุ้น APH มีแนวโน้มขาขึ้นที่แข็งแกร่งด้วยผลตอบแทน 1 ปีสูงถึง 119% และมี ROE ยอดเยี่ยม 36.85% แสดงถึงความสามารถในการทำกำไรสูง แม้จะมี P/E สูงถึง 40.22 ซึ่งสะท้อนมูลค่าที่ค่อนข้างแพงและการปรับฐานระยะสั้นเมื่อเดือนที่ผ่านมา

โดยรวมแล้ว หุ้น APH น่าสนใจสำหรับนักลงทุนที่เน้นการเติบโตระยะยาวที่พร้อมรับความผันผวนและจ่ายพรีเมียมสำหรับหุ้นคุณภาพดีที่มีศักยภาพสูง ไม่เหมาะกับนักลงทุนที่ชอบหุ้นราคาถูกหรือเน้นความมั่นคงต่ำความผันผวน"
ADI,"Analog Devices, Inc.",Information Technology,Semiconductors,2026-03-15,306.07,-8.89,52.47,359.67,162.13,317.77,260.06,Uptrend,18.34,Oversold,33.01,149.42,55.85,23.68,5.48,133.0,7.86,25.75,11.76,2.71,1.02,0.4,ข่าวส่วนใหญ่เกี่ยวกับ Analog Devices แสดงให้เห็นถึง sentiment ที่เป็นบวก โดยเฉพาะจากการเพิ่มขึ้นของราคาหุ้นหลังผลประกอบการและการปรับเพิ่มเป้าหมายราคาของนักวิเคราะห์,"หุ้น ADI อยู่ใน **เทรนด์ขาขึ้น** ที่แข็งแกร่ง แม้ราคาจะปรับฐานลงมาเมื่อเร็วๆ นี้จน RSI เข้าสู่ภาวะ **Oversold** ซึ่งอาจเป็นจังหวะน่าสนใจในการเข้าซื้อ อย่างไรก็ตาม หุ้นมีค่า P/E สูง (55.85) และมีความผันผวนสูง (33.01%)

ดังนั้น หุ้นตัวนี้น่าสนใจสำหรับ **นักลงทุนที่รับความเสี่ยงได้สูง เน้นการเติบโต** และอาจมองหาจังหวะ ""ซื้อเมื่ออ่อนตัว"" (buy the dip) ในหุ้นที่มีพื้นฐานดีในระยะยาว แต่ไม่เหมาะกับนักลงทุนที่เน้นคุณค่าหรือรับความผันผวนได้น้อย"
AON,Aon plc,Financials,Insurance Brokers,2026-03-15,321.41,3.69,-18.12,397.87,309.97,335.16,350.72,Downtrend,55.06,Neutral,21.27,69.08,18.87,14.93,17.03,93.0,46.94,168.32,17.18,3.7,0.83,0.4,ข่าวเกี่ยวกับ Aon PLC ส่วนใหญ่เป็นไปในเชิงบวก โดยเน้นที่ผลประกอบการที่ดีขึ้น ความเชื่อมั่นของนักลงทุน และการริเริ่มเชิงกลยุทธ์ใหม่ๆ แม้จะมีบางข่าวที่ยังตั้งคำถามเกี่ยวกับสถานะตลาด,"AON อยู่ในเทรนด์ขาลงอย่างชัดเจนในรอบปี (-18.12%) แม้ราคาจะเริ่มฟื้นตัวเล็กน้อยในเดือนล่าสุด (+3.69%) และมีพื้นฐานแข็งแกร่งด้วย ROE สูงถึง 46.94% พร้อม P/E ที่ 18.87

หุ้นตัวนี้จึงอาจน่าสนใจสำหรับนักลงทุนระยะยาวแบบ Value Investor ที่รับความผันผวนได้ และมองหาโอกาสในหุ้นคุณภาพดีที่ราคาอ่อนตัว เพื่อศึกษาปัจจัยเสี่ยงและโอกาสในการกลับตัวอย่างละเอียดต่อไป"
APA,APA Corporation,Energy,Oil & Gas Exploration & Production,2026-03-15,34.47,21.97,90.4,34.47,13.34,27.73,23.14,Uptrend,76.79,Overbought,43.41,12.18,8.64,13.56,3.99,290.0,25.32,68.69,8.68,1.43,0.71,0.54,ข่าวส่วนใหญ่เกี่ยวกับ APA Corporation เป็นเชิงบวก โดยเน้นย้ำถึงการที่หุ้นมีมูลค่าต่ำกว่าความเป็นจริง ประสิทธิภาพที่เหนือกว่าคู่แข่ง และมุมมองที่เป็นบวก แม้จะมีข่าวการขายหุ้นโดยสถาบันก็ตาม,"หุ้น APA อยู่ในเทรนด์ขาขึ้นที่แข็งแกร่งมาก โดยราคาปรับขึ้นกว่า 90% ในหนึ่งปี และมีปัจจัยพื้นฐานที่น่าสนใจด้วย P/E ต่ำ (8.64 เท่า) และ ROE สูง (25.32%) แสดงถึงความสามารถในการทำกำไรที่ดี

อย่างไรก็ตาม RSI ที่อยู่ในภาวะ Overbought (76.79) และความผันผวนสูง (43.41%) บ่งชี้ถึงความเสี่ยงที่อาจมีการปรับฐานในระยะสั้น จึงเหมาะกับนักลงทุนที่รับความเสี่ยงได้สูง ชื่นชอบหุ้นที่มีโมเมนตัม และพร้อมติดตามสถานการณ์อย่างใกล้ชิด"
APO,"Apollo Global Management, Inc.",Financials,Asset Management & Custody Banks,2026-03-15,104.44,-17.4,-18.58,154.24,100.3,127.38,133.53,Downtrend,37.73,Neutral,35.88,60.62,18.85,9.6,5.54,195.0,14.7,99.47,31.79,3.5,1.64,-0.3,"ข่าวส่วนใหญ่มีแนวโน้มเป็นลบสำหรับ Apollo Global Management (APO) โดยมีการปรับลดเป้าหมายราคา, การขายหุ้นโดยสถาบัน, และการวิเคราะห์หลังราคาหุ้นร่วงลง","หุ้น APO กำลังอยู่ในเทรนด์ขาลงอย่างชัดเจน (ราคาลดลงกว่า 17% ใน 1 เดือนและ 18% ใน 1 ปี) มี Sentiment เป็นลบ และมีความผันผวนสูง แม้จะมี P/E และ ROE ที่ดีบ่งชี้พื้นฐานยังแข็งแกร่ง
จึงยังไม่น่าสนใจสำหรับนักลงทุนทั่วไปหรือผู้รับความเสี่ยงได้น้อย แต่เหมาะกับนักลงทุนที่รับความเสี่ยงสูง มองหาโอกาสในหุ้นขาลง (Contrarian) และเชื่อมั่นในการฟื้นตัวระยะยาว."
AAPL,Apple Inc.,Information Technology,"Technology Hardware, Storage & Peripherals",2026-03-15,250.12,-9.21,19.81,285.92,171.67,262.58,245.2,Uptrend,29.91,Oversold,25.7,3676.25,31.66,26.91,7.9,42.0,152.02,102.63,435.62,117.78,1.12,0.24,โดยรวมแล้ว หัวข้อข่าวส่วนใหญ่เป็นกลางและให้ข้อมูล โดยมีหนึ่งหัวข้อข่าวที่เป็นบวกอย่างเห็นได้ชัดเกี่ยวกับการลงทุนใหม่ในหุ้น Apple Inc.,"หุ้น AAPL น่าสนใจอย่างยิ่งในตอนนี้ เนื่องจากราคาปรับฐานลงมามากจนอยู่ในภาวะ Oversold (RSI 29.91) ขณะที่เทรนด์หลักยังเป็นขาขึ้น และมีพื้นฐานแข็งแกร่งด้วย ROE ที่โดดเด่นมากถึง 152.02%

เหมาะสำหรับนักลงทุนที่พร้อม ""ซื้อเมื่ออ่อนตัว"" (Buy the dip) และต้องการลงทุนระยะกลางถึงยาวในหุ้นเติบโตขนาดใหญ่ ที่เป็นผู้นำตลาด แม้จะมีค่า P/E ที่ค่อนข้างสูงก็ตาม"
AMAT,"Applied Materials, Inc.",Information Technology,Semiconductor Materials & Equipment,2026-03-15,341.53,0.61,129.8,394.95,125.82,331.1,235.34,Uptrend,39.25,Neutral,42.1,271.04,35.1,24.67,9.73,62.0,38.86,33.11,28.21,7.84,1.63,-0.06,ภาพรวมข่าวเกี่ยวกับ Applied Materials แสดงความรู้สึกที่ผสมผสานกัน ทั้งข่าวเชิงลบเกี่ยวกับการลดสัดส่วนการลงทุนและราคาหุ้นที่ปรับตัวลงในบางกรณี และข่าวเชิงบวกจากการที่หุ้นปรับตัวขึ้นจากดีลหน่วยความจำ AI,"หุ้น AMAT น่าสนใจสำหรับนักลงทุนที่มองหาการเติบโตสูงและรับความผันผวนได้ดี โดยราคาปรับขึ้นโดดเด่นกว่า 129% ในหนึ่งปี พร้อม ROE ที่ยอดเยี่ยมถึง 38.86% บ่งบอกถึงความสามารถในการทำกำไรที่ดีเยี่ยม

อย่างไรก็ตาม ด้วย P/E ที่สูงถึง 35.1 และ Volatility ที่ 42.1% จึงเหมาะกับนักลงทุนที่เน้นการลงทุนระยะยาวในหุ้นเติบโต และยอมรับความเสี่ยงด้านราคาที่ค่อนข้างสูงได้"
APP,AppLovin Corporation,Information Technology,Application Software,2026-03-15,458.67,0.41,68.63,733.6,219.37,500.92,513.89,Downtrend,65.57,Neutral,75.91,155.01,45.68,22.64,10.04,,212.94,171.8,5.48,3.43,2.5,0.18,ข่าวหุ้น AppLovin มีทั้งมุมมองเชิงบวกอย่างมากจากนักวิเคราะห์ แต่ก็มีคำเตือนเรื่องอาจเป็นหุ้นติดกับดักและรายงานการลดลงของราคาหุ้น,"หุ้น APP มีผลประกอบการโดดเด่นด้วย ROE ที่สูงมากถึง 212.94% และราคาปรับขึ้นแรงในรอบ 1 ปี (+68.63%) แต่ปัจจุบันอยู่ในช่วงขาลง มีความผันผวนสูงมาก และมี P/E ที่ค่อนข้างแพง

ดังนั้น หุ้นตัวนี้น่าสนใจสำหรับนักลงทุนที่รับความเสี่ยงได้สูงมาก เน้นการเติบโตระยะยาว และพร้อมรับมือกับความผันผวนของราคาเป็นพิเศษ"
APTV,Aptiv PLC,Consumer Discretionary,Automotive Parts & Equipment,2026-03-15,70.5,-15.83,13.4,88.67,47.92,78.78,76.92,Uptrend,29.22,Oversold,36.02,15.23,94.0,7.45,0.75,,1.95,85.21,20.4,0.17,1.53,0.14,ข่าวเกี่ยวกับ Aptiv มีทั้งด้านบวกและลบ โดยมีข่าวการปรับอันดับความแข็งแกร่งและศักยภาพของธุรกิจแยกส่วนที่จะเป็นตัวเปลี่ยนเกม แต่ก็มีข่าวการขายหุ้นและผลงานที่ต่ำกว่าคู่แข่งเล็กน้อย.,"หุ้น APTV อยู่ในเทรนด์ขาขึ้นระยะยาว แม้ราคาจะปรับลดลงรุนแรงกว่า 15% ในเดือนเดียวจนเข้าสู่ภาวะ Oversold ซึ่งอาจเปิดโอกาสสำหรับการฟื้นตัวทางเทคนิค อย่างไรก็ตาม หุ้นมี P/E สูงถึง 94 เท่า และ ROE ต่ำเพียง 1.95% บ่งชี้ถึงราคาที่แพงเมื่อเทียบกับกำไรและความสามารถในการทำกำไรที่ยังไม่โดดเด่น

**สรุป:** หุ้นตัวนี้น่าสนใจสำหรับนักลงทุนที่รับความเสี่ยงได้สูง และเน้นการเก็งกำไรระยะสั้นจากสัญญาณทางเทคนิคมากกว่าการลงทุนระยะยาวจากพื้นฐานที่ยังไม่แข็งแกร่งนัก"
ACGL,Arch Capital Group Ltd.,Financials,Property & Casualty Insurance,2026-03-15,93.47,-5.21,3.38,101.98,84.72,96.22,92.14,Uptrend,27.0,Oversold,23.62,33.89,8.06,9.24,11.6,,19.54,11.92,19.93,4.36,0.36,-0.32,ข่าวส่วนใหญ่มีแนวโน้มเชิงลบ โดยเน้นที่การลดสัดส่วนการถือหุ้นโดยนักลงทุนรายใหญ่และการขายหุ้นของ CEO แม้จะมีบางข่าวที่ตั้งคำถามถึงศักยภาพการทำกำไรและโอกาสในการพิจารณาซื้อหลังราคาลดลง,"หุ้น ACGL น่าสนใจจากพื้นฐานที่แข็งแกร่งมาก (ROE 19.54% และ P/E ต่ำเพียง 8.06) และอยู่ในแนวโน้มขาขึ้นชัดเจน แต่ราคาเพิ่งปรับฐานลงมาจน RSI อยู่ในโซน Oversold (27.0)
เหมาะสำหรับนักลงทุนที่มองหาโอกาสเข้าซื้อหลังราคาอ่อนตัวในระยะสั้น หรือนักลงทุนที่เน้นคุณค่าและคุณภาพของธุรกิจในระยะยาว"
ADM,Archer-Daniels-Midland Company,Consumer Staples,Agricultural Products & Services,2026-03-15,71.98,4.65,57.71,72.5,40.37,66.26,59.18,Uptrend,66.9,Neutral,28.75,34.64,32.28,15.09,2.23,289.0,4.72,42.38,80.27,1.08,0.68,0.42,ข่าวส่วนใหญ่เป็นบวกสำหรับหุ้น ADM โดยเฉพาะเรื่องราคาที่ทำสถิติสูงสุดและการคาดการณ์กำไรในระยะใกล้ แม้จะมีรายงานผลกำไรปี 2025 ที่ลดลงอย่างมากก็ตาม,"หุ้น ADM อยู่ในเทรนด์ขาขึ้นที่แข็งแกร่งและให้ผลตอบแทนราคาโดดเด่นในช่วงหนึ่งปีที่ผ่านมา แต่มี P/E ที่ค่อนข้างสูงและ ROE ต่ำ จึงอาจมีราคาแพงเมื่อเทียบกับประสิทธิภาพการทำกำไร

หุ้นนี้น่าสนใจสำหรับ **นักลงทุนที่เน้นการเติบโตและสามารถรับความผันผวนได้** ในระยะกลางถึงยาว แต่ควรระมัดระวังเรื่องมูลค่าและอาจไม่เหมาะกับนักลงทุนที่เน้นคุณค่าราคาถูก"
ARES,Ares Management Corporation,Financials,Asset Management & Custody Banks,2026-03-15,101.76,-25.93,-25.41,190.32,96.5,139.57,159.78,Downtrend,35.45,Neutral,35.63,33.67,59.51,13.19,1.71,531.0,13.52,163.45,5.6,0.47,1.56,-0.38,ภาพรวมของข่าวเกี่ยวกับ Ares Management มีแนวโน้มเป็นลบเล็กน้อย เนื่องจากมีทั้งข่าวการปรับลดราคาเป้าหมายและการเตือนให้หลีกเลี่ยงการลงทุน แม้จะมีบางข่าวแสดงถึงการฟื้นตัวของราคาหุ้นก็ตาม,"หุ้น ARES กำลังอยู่ในแนวโน้มขาลงที่ชัดเจน ทั้งในระยะสั้นและระยะกลาง ด้วยราคาที่ลดลงกว่า 25% และมี P/E สูงถึง 59.51 ซึ่งบ่งชี้ว่าราคามีมูลค่าแพงเมื่อเทียบกับกำไร ประกอบกับ Sentiment ที่เป็นลบและความผันผวนสูง ทำให้มีความเสี่ยงสูงในปัจจุบัน

ดังนั้น หุ้นนี้น่าจะไม่น่าสนใจสำหรับนักลงทุนทั่วไป และเหมาะกับนักลงทุนที่รับความเสี่ยงได้สูงมาก มีความเข้าใจลึกซึ้งในธุรกิจ และเน้นการลงทุนระยะยาวเพื่อหวังการฟื้นตัวในอนาคตเป็นหลัก"
ANET,"Arista Networks, Inc.",Information Technology,Communications Equipment,2026-03-15,133.57,-5.04,66.67,162.03,64.37,134.71,129.07,Uptrend,55.65,Neutral,49.52,168.2,48.57,31.33,2.75,,31.4,0.18,9.01,3.51,1.46,0.66,ข่าวเกี่ยวกับ Arista Networks (ANET) ส่วนใหญ่เป็นไปในทิศทางบวกอย่างมาก โดยชี้ให้เห็นถึงการซื้อหุ้นของสถาบัน การอัปเกรดเรตติ้ง แนวโน้มราคาที่สดใส และพื้นฐานที่แข็งแกร่ง,"หุ้น ANET น่าสนใจสำหรับนักลงทุนที่มองหาการเติบโตสูง จากผลตอบแทน 1 ปีที่โดดเด่น (66.67%) และ ROE สูง (31.4%) พร้อมเทรนด์ขาขึ้นที่แข็งแกร่ง
แม้จะมี P/E ค่อนข้างสูง (48.57) และความผันผวนสูง (49.52%) จึงเหมาะกับนักลงทุนที่รับความเสี่ยงได้สูง เน้นการลงทุนระยะกลางถึงยาวในหุ้นเติบโตมากกว่านักลงทุนที่เน้นคุณค่าหรือความผันผวนต่ำ"
AJG,Arthur J. Gallagher & Co.,Financials,Insurance Brokers,2026-03-15,207.93,1.59,-34.96,345.35,204.17,235.29,274.74,Downtrend,44.45,Neutral,22.1,53.46,36.22,13.95,5.74,135.0,6.91,58.35,13.01,1.49,0.67,0.52,ข่าวส่วนใหญ่เป็นไปในเชิงบวก โดยเน้นที่การเพิ่มการลงทุน การเข้าซื้อกิจการ และการปรับเพิ่มอันดับของนักวิเคราะห์สำหรับ Arthur J. Gallagher & Co.,"หุ้น AJG อยู่ในแนวโน้มขาลงอย่างชัดเจน โดยราคาลดลงกว่า 30% ในหนึ่งปี และมีค่า P/E สูง (36.22) ในขณะที่ ROE ไม่โดดเด่นนัก

จึงยังไม่น่าสนใจสำหรับนักลงทุนทั่วไปหรือนักลงทุนที่เน้นคุณค่า แต่หากเป็นนักลงทุนที่รับความเสี่ยงสูงและมองหาโอกาสจากการกลับตัวของราคาในระยะสั้น อาจต้องศึกษาเพิ่มเติมอย่างรอบคอบเนื่องจากความผันผวนและเทรนด์ขาลง."
AIZ,"Assurant, Inc.",Financials,Multi-line Insurance,2026-03-15,218.53,1.58,8.78,242.33,176.95,230.52,214.31,Uptrend,50.15,Neutral,25.19,10.94,12.9,9.82,16.94,154.0,15.9,38.84,12.81,0.86,0.55,0.5,ข่าวส่วนใหญ่เกี่ยวกับ Assurant (AIZ) เป็นไปในเชิงบวก โดยเน้นที่การเพิ่มสัดส่วนการถือหุ้น ผลการดำเนินงานที่เหนือกว่าคู่แข่ง และผลประกอบการไตรมาส 4 ที่แข็งแกร่ง.,"หุ้น AIZ (Assurant, Inc.) มีแนวโน้มขาขึ้นที่มั่นคงพร้อมผลตอบแทนต่อผู้ถือหุ้น (ROE) ที่ดีถึง 15.9% และมี P/E ที่น่าสนใจที่ 12.9 เท่า บ่งชี้ถึงพื้นฐานที่แข็งแกร่ง

แม้จะมีความผันผวนระดับปานกลาง (25.19%) และ RSI เป็นกลาง หุ้นตัวนี้น่าสนใจสำหรับนักลงทุนที่มองหาการเติบโตอย่างมั่นคงในระยะยาวและเน้นคุณค่ามากกว่าการเก็งกำไรระยะสั้น"
T,AT&T Inc.,Communication Services,Integrated Telecommunication Services,2026-03-15,27.72,-2.63,10.9,28.98,23.0,26.22,26.42,Downtrend,42.48,Neutral,23.71,196.52,9.12,10.87,3.04,400.0,18.8,124.18,125.65,21.89,0.58,-0.26,ภาพรวมของข่าวเหล่านี้มีแนวโน้มเป็นลบเล็กน้อย เนื่องจากมีข่าวเกี่ยวกับความเสี่ยงด้านความปลอดภัย อาชญากรรม และความไม่สะดวกในการเดินทาง,"หุ้น AT&T (T) มีค่า P/E ต่ำ (9.12) และ ROE ดี (18.8%) บ่งชี้ถึงความเป็นหุ้นคุณค่าที่มีการบริหารจัดการที่ดี แม้ราคาจะอยู่ในช่วงขาลงในระยะสั้นและมี Sentiment ค่อนข้างเป็นลบ

ดังนั้น หุ้นตัวนี้จึงน่าสนใจสำหรับนักลงทุนระยะยาวที่เน้นคุณค่าและผลตอบแทนจากเงินปันผล (value and income investors) มากกว่านักลงทุนที่มองหาการเติบโตหรือโมเมนตัมในระยะสั้น"
ATO,Atmos Energy Corporation,Utilities,Gas Utilities,2026-03-15,188.58,7.76,31.11,188.58,141.9,174.17,165.83,Uptrend,71.36,Overbought,16.64,31.2,24.55,21.35,7.68,212.0,9.24,67.44,4.87,1.25,0.7,0.7,ข่าวส่วนใหญ่เป็นบวกอย่างมาก โดยเน้นย้ำถึงความเชื่อมั่นของนักลงทุนสถาบัน ศักยภาพการเติบโต และประสิทธิภาพที่แข็งแกร่งของหุ้น Atmos Energy,หุ้น ATO มีผลงานโดดเด่นและอยู่ในช่วงขาขึ้นอย่างชัดเจน แต่ปัจจุบันมีสัญญาณ Overbought จาก RSI และมี P/E ที่ค่อนข้างสูง (24.55 เท่า) สำหรับหุ้นกลุ่มสาธารณูปโภค จึงอาจน่าสนใจสำหรับนักลงทุนที่รับความเสี่ยงได้สูงและคาดหวังการเติบโตต่อเนื่องในระยะยาว แม้ว่าราคาปัจจุบันอาจสูงเกินไปสำหรับการเข้าซื้อในระยะสั้นและอาจต้องระวังการปรับฐาน
ADSK,"Autodesk, Inc.",Information Technology,Application Software,2026-03-15,251.17,7.99,1.72,326.79,218.64,254.29,290.82,Downtrend,76.67,Overbought,28.38,53.25,48.12,17.84,5.22,,39.67,89.79,7.21,1.12,1.47,0.0,ข่าวเกี่ยวกับ Autodesk มีทั้งเชิงบวก เช่น ผลประกอบการดีและการเข้าซื้อหุ้นของกองทุน และเชิงลบ เช่น การที่คู่แข่งทำผลงานได้ดีกว่าและการปรับลดราคาเป้าหมาย ทำให้ภาพรวมเป็นกลาง,"หุ้น ADSK มีความสามารถในการทำกำไรที่ยอดเยี่ยม (ROE สูง) แต่ราคาอยู่ในเทรนด์ขาลงที่ชัดเจนและ RSI บ่งชี้ภาวะ Overbought ขณะที่ P/E ก็ค่อนข้างสูง.

ดังนั้น หุ้นนี้จึงมีความเสี่ยงสูงและไม่น่าสนใจสำหรับนักลงทุนที่เน้นคุณค่าหรือต้องการความมั่นคงในระยะยาว แต่อาจเป็นโอกาสสำหรับนักลงทุนที่รับความเสี่ยงสูงและมองหาการเทรดระยะสั้นอย่างระมัดระวัง."
ADP,"Automatic Data Processing, Inc.",Industrials,Human Resource & Employment Services,2026-03-15,208.52,-3.37,-26.04,318.79,203.99,233.44,271.0,Downtrend,54.5,Neutral,19.47,84.34,20.03,17.43,10.41,326.0,73.84,70.04,21.21,4.24,0.85,0.3,ข่าวส่วนใหญ่เกี่ยวกับ ADP มีแนวโน้มเชิงบวก โดยเน้นที่การเพิ่มสัดส่วนการถือครองหุ้นของสถาบัน และการประเมินว่าหุ้นมีมูลค่าต่ำกว่าความเป็นจริง แม้จะมีการอ่อนตัวของราคาหุ้นเมื่อไม่นานมานี้,"หุ้น ADP อยู่ในเทรนด์ขาลงอย่างชัดเจน ราคาลดลงทั้งในรอบ 1 เดือนและ 1 ปี อย่างไรก็ตาม บริษัทมีพื้นฐานที่แข็งแกร่งมากด้วย ROE สูงถึง 73.84% และ P/E ที่ 20.03 ซึ่งอยู่ในระดับที่สมเหตุสมผล

หุ้นตัวนี้อาจน่าสนใจสำหรับ **นักลงทุนระยะยาว** ที่มองหาโอกาสสะสมหุ้นคุณภาพดีที่กำลังอยู่ในช่วงปรับฐานราคา โดยยอมรับความผันผวนและความเสี่ยงจากภาวะขาลงในระยะสั้น"
AZO,"AutoZone, Inc.",Consumer Discretionary,Automotive Retail,2026-03-15,3562.85,-4.63,0.49,4354.54,3244.92,3636.87,3806.46,Downtrend,37.78,Neutral,22.38,58.85,24.94,20.4,142.87,,,,19.29,2.46,0.35,0.12,ข่าวส่วนใหญ่มีความหลากหลาย โดยมีทั้งการขายหุ้นและราคาที่ลดลงเล็กน้อย แต่ก็มีข่าวเชิงบวกที่โดดเด่น เช่น การเข้าซื้อหุ้นและการปรับเพิ่มอันดับหุ้นเป็น 'ซื้อ' จากแนวโน้มกำไรที่ดีขึ้น,"หุ้น AZO กำลังอยู่ในเทรนด์ขาลงและราคาไม่เติบโตชัดเจนในช่วง 1 ปีที่ผ่านมา อีกทั้งมี P/E ที่ค่อนข้างสูง (24.94) และข้อมูล ROE ไม่ปรากฏ ทำให้ประเมินมูลค่าได้ยากและยังไม่น่าสนใจนักในภาพรวม

ดังนั้น หุ้นตัวนี้จึงยังไม่เหมาะกับนักลงทุนที่มองหาการเติบโตหรือมูลค่าที่ชัดเจน และอาจต้องพิจารณาอย่างรอบคอบเป็นพิเศษสำหรับนักลงทุนที่รับความเสี่ยงสูงที่อาจกำลังรอดูสัญญาณการฟื้นตัวเท่านั้น"
AVB,"AvalonBay Communities, Inc.",Real Estate,Multi-Family Residential REITs,2026-03-15,168.96,-6.04,-15.78,209.83,168.96,177.36,185.15,Downtrend,32.81,Neutral,20.75,23.92,22.83,33.82,7.4,421.0,8.89,80.26,3.04,1.05,0.74,0.18,ข่าวเกี่ยวกับ AvalonBay Communities มีทั้งปัจจัยบวกที่สำคัญจากการซื้อหุ้นคืนและการเพิ่มการถือครองโดยนักลงทุน แต่ก็มีข่าวที่ต้องเผชิญกับแรงกดดันในภาคอสังหาริมทรัพย์ด้วย,"หุ้น AVB อยู่ในช่วงขาลงอย่างชัดเจน โดยราคาลดลงกว่า 15% ในรอบปี และมี Sentiment ต่ำ ทำให้ยังไม่น่าสนใจสำหรับนักลงทุนที่ต้องการผลตอบแทนระยะสั้น หรือผู้ที่รับความเสี่ยงได้น้อย

แม้จะมี P/E 22.83 ซึ่งไม่ถูก และ RSI 32.81 ที่ยังไม่ถึงขั้น Oversold ชัดเจน แต่สำหรับนักลงทุนระยะยาวที่อดทนและพร้อมรับความเสี่ยงในการเข้าซื้อช่วงขาลง โดยมีการศึกษาปัจจัยพื้นฐานเพิ่มเติมอย่างละเอียดเพื่อหวังการฟื้นตัวในอนาคต อาจพิจารณาได้"
AVY,Avery Dennison Corporation,Materials,Paper & Plastic Packaging Products & Materials,2026-03-15,170.77,-10.98,-0.83,196.48,155.86,186.65,175.03,Uptrend,13.56,Oversold,21.59,13.13,19.43,14.98,8.79,220.0,30.21,176.34,8.86,0.69,0.97,-0.3,ข่าวส่วนใหญ่เกี่ยวกับผู้บริหารที่ขายหุ้นและราคาหุ้นที่ร่วงลงอย่างมีนัยสำคัญ แต่ก็มีข่าวดีที่ระบุว่าหุ้นยังคงมีประสิทธิภาพดีกว่าคู่แข่งในบางสถานการณ์.,"หุ้น AVY น่าจับตามองอย่างยิ่ง โดยเฉพาะจากภาวะ Oversold อย่างรุนแรง (RSI 13.56) และการปรับตัวลงแรงในระยะสั้น (-10.98% ใน 1 เดือน) ในขณะที่เทรนด์หลักยังคงเป็น Uptrend และมี ROE ที่โดดเด่นถึง 30.21%

จึงเหมาะสำหรับนักลงทุนที่มองหาโอกาสสะสมหุ้นคุณภาพดีที่มีศักยภาพการเติบโตสูงในช่วงที่ราคาย่อตัว หรือนักลงทุนที่เน้นการจับจังหวะการฟื้นตัวของราคาจากการแก้ไขทางเทคนิค."
AXON,"Axon Enterprise, Inc.",Industrials,Aerospace & Defense,2026-03-15,496.18,14.21,-7.18,870.97,399.65,532.4,661.19,Downtrend,63.85,Neutral,47.56,39.89,333.01,46.95,1.49,,4.48,59.11,2.78,0.12,1.52,0.12,ภาพรวมข่าวหุ้น Axon แสดงถึง sentiment ที่เป็นบวกเล็กน้อย โดยเฉพาะจากราคาที่ปรับขึ้นอย่างมีนัยสำคัญและแรงหนุนจาก AI แม้จะมีปัจจัยท้าทายจากข่าวการขายหุ้นภายในบริษัทก็ตาม,"หุ้น AXON แสดงการฟื้นตัวระยะสั้น แต่ยังคงอยู่ในเทรนด์ขาลงและมี P/E สูงถึง 333.01 เท่า สะท้อนมูลค่าที่แพงมากเมื่อเทียบกับ ROE ที่ต่ำเพียง 4.48%

ด้วยความผันผวนสูง หุ้นตัวนี้น่าสนใจสำหรับนักลงทุนที่รับความเสี่ยงได้มหาศาล และเชื่อมั่นในศักยภาพการเติบโตในอนาคตระยะยาวอย่างแข็งแกร่งเท่านั้น โดยที่ราคาปัจจุบันได้สะท้อนความคาดหวังไปมากแล้ว"
BKR,Baker Hughes Company,Energy,Oil & Gas Equipment & Services,2026-03-15,54.26,-11.08,32.63,65.26,34.31,56.77,47.36,Uptrend,14.27,Oversold,30.45,53.62,20.87,18.66,2.6,170.0,14.55,35.26,27.73,2.59,0.88,0.0,ข่าวหุ้น Baker Hughes Co. มีทั้งด้านบวกที่หุ้นพุ่งขึ้นและมีกำไรมาหลายปี และด้านลบจากการที่กองทุนเทขายหุ้นและผลงานต่ำกว่าคู่แข่งโดยรวมแล้วจึงเป็นกลาง.,"หุ้น BKR น่าสนใจสำหรับนักลงทุนที่มองหาจังหวะเข้าซื้อ เนื่องจากอยู่ในเทรนด์ขาขึ้นระยะยาว แต่ราคาได้ปรับลดลงอย่างรุนแรงจนเข้าสู่ภาวะ Oversold (RSI 14.27) ในช่วง 1 เดือนที่ผ่านมา

เหมาะสำหรับนักลงทุนที่รับความผันผวนได้สูง และเชื่อมั่นในการฟื้นตัวของราคาจากภาวะ Oversold เพื่อกลับเข้าสู่เทรนด์เดิม โดยมีพื้นฐานที่น่าพอใจ (P/E 20.87, ROE 14.55%)"
BALL,Ball Corporation,Materials,"Metal, Glass & Plastic Containers",2026-03-15,62.19,-7.37,23.8,67.56,44.29,60.83,53.98,Uptrend,21.4,Oversold,27.51,16.67,18.85,13.76,3.3,129.0,16.12,136.03,13.16,0.91,1.11,-0.2,ข่าวส่วนใหญ่มีแนวโน้มเชิงลบ โดยมีการแนะนำให้ขายและมีความกังวลเกี่ยวกับการทำงานที่ต่ำกว่ามาตรฐาน ถึงแม้จะมีข่าวการเข้าซื้อกิจการเล็กน้อยที่อาจเป็นบวกก็ตาม,"หุ้น BALL อยู่ในแนวโน้มขาขึ้นระยะยาวและมีพื้นฐานที่แข็งแกร่ง (P/E, ROE ดี) แม้ราคาจะปรับลดลงในระยะสั้นและ RSI อยู่ในภาวะ Oversold (21.4) ซึ่งเป็นสัญญาณบ่งชี้ถึงโอกาส

จึงเป็นหุ้นที่น่าสนใจสำหรับนักลงทุนที่มองหาจังหวะ ""ซื้อเมื่ออ่อนตัว"" (Buy the Dip) ในหุ้นที่มีแนวโน้มขาขึ้น โดยรับความผันผวนได้ในระดับหนึ่ง เพื่อคาดหวังการฟื้นตัวในระยะกลางถึงยาว"
BAC,Bank of America Corporation,Financials,Diversified Banks,2026-03-15,46.72,-12.75,20.42,56.93,33.63,52.37,50.06,Uptrend,29.92,Oversold,25.5,341.17,12.26,9.43,3.81,240.0,10.22,,107.42,29.06,1.26,0.06,ข่าวส่วนใหญ่มีการเตือนจาก Bank of America เกี่ยวกับตลาดหุ้นและการเคลื่อนไหวที่น่าตกใจของหลายบริษัท แต่ก็มีข่าวเชิงบวกจากการลงทุนอันชาญฉลาดของ Warren Buffett และคำแนะนำหุ้นน้ำมันที่โดดเด่น.,"หุ้น BAC อยู่ในเทรนด์ขาขึ้นระยะยาว แต่เพิ่งปรับตัวลงแรงในเดือนล่าสุดจน RSI อยู่ในภาวะ Oversold ซึ่งบ่งชี้ถึงโอกาสในการกลับตัว โดยมีค่า P/E และ ROE ที่สมเหตุสมผล

จึงน่าสนใจสำหรับนักลงทุนระยะกลางถึงยาวที่มองหาหุ้นพื้นฐานดีช่วงราคาอ่อนตัว และสามารถรับความผันผวนในระยะสั้นได้ เพื่อหวังผลตอบแทนจากการฟื้นตัวในอนาคต."
BAX,Baxter International Inc.,Health Care,Health Care Equipment,2026-03-15,17.4,-21.83,-48.95,34.38,17.4,19.98,22.84,Downtrend,16.29,Oversold,35.72,8.95,,8.46,-1.75,207.0,-13.71,160.28,11.24,-0.9,0.55,0.2,ข่าวมีทั้งเชิงบวกและลบ โดยเฉพาะการทำสถิติต่ำสุดในรอบปี แต่ก็มีสัญญาณเชิงบวกจากการลงทุนใหม่ของกองทุนและคำแนะนำให้ถือหุ้นไว้ ซึ่งโดยรวมแล้วมีแนวโน้มเป็นบวกเล็กน้อย.,"หุ้น BAX อยู่ในเทรนด์ขาลงอย่างรุนแรง (ราคาลดลงเกือบ 50% ใน 1 ปี) และ**ไม่มีกำไร (P/E None, ROE ติดลบ)** ซึ่งเป็นสัญญาณพื้นฐานที่ไม่ดีอย่างยิ่ง

แม้ RSI จะ Oversold แต่ภาพรวมแสดงถึงความเสี่ยงสูงมาก จึง**ไม่น่าสนใจสำหรับนักลงทุนทั่วไปหรือนักลงทุนระยะยาว**ที่เน้นพื้นฐาน แต่**อาจเหมาะกับนักลงทุนสายเก็งกำไรที่รับความผันผวนและความเสี่ยงได้สูงมาก** เพื่อหวังการรีบาวด์ระยะสั้นเท่านั้น และต้องพิจารณาอย่างรอบคอบเป็นพิเศษ"
BDX,"Becton, Dickinson and Company",Health Care,Health Care Equipment,2026-03-15,159.36,-11.21,-6.88,184.21,126.85,165.65,149.26,Uptrend,0.25,Oversold,24.01,57.74,26.04,11.81,6.12,264.0,6.96,77.28,21.92,1.76,0.31,0.0,,"หุ้น BDX กำลังอยู่ในภาวะ Oversold อย่างรุนแรง (RSI 0.25) หลังราคาปรับตัวลดลงมากถึง 11.21% ใน 1 เดือน ซึ่งอาจเป็นโอกาสสำหรับนักลงทุนที่มองหาหุ้น Undervalued หรือหวังผลจากการฟื้นตัว

อย่างไรก็ตาม ด้วย P/E ที่ 26.04, ROE 6.96% ที่ไม่สูงมาก และความผันผวน 24.01% หุ้นนี้จึงเหมาะกับนักลงทุนที่รับความเสี่ยงได้สูง และเน้นการลงทุนแบบสวนกระแส (Contrarian) เพื่อเก็งกำไรจากการกลับตัวของราคา ไม่เหมาะกับนักลงทุนสายเน้นคุณค่าระยะยาว หรือผู้ที่ไม่ชอบความผันผวน"
BRK-B,Berkshire Hathaway Inc.,Financials,Multi-Sector Holdings,2026-03-15,490.03,-2.0,-2.82,539.8,459.11,493.65,491.63,Uptrend,46.98,Neutral,15.9,1057.16,15.8,22.6,31.02,,9.81,18.81,371.44,66.97,0.69,0.74,ข่าวส่วนใหญ่เป็นบวกอย่างชัดเจน โดยเน้นย้ำถึงโอกาสในการลงทุน รายรับปันผลจำนวนมาก และการประกาศซื้อหุ้นคืนของ Berkshire Hathaway ซึ่งเป็นสัญญาณที่ดีสำหรับนักลงทุน,"หุ้น BRK-B มีแนวโน้มขาขึ้นในระยะยาวและความผันผวนต่ำ พร้อม P/E และ ROE ที่สมเหตุสมผล สะท้อนถึงธุรกิจที่มั่นคงและมีคุณภาพ
จึงเหมาะอย่างยิ่งสำหรับนักลงทุนระยะยาวที่เน้นคุณค่าและต้องการความมั่นคงในการลงทุนมากกว่าการเติบโตที่หวือหวา"
BBY,"Best Buy Co., Inc.",Consumer Discretionary,Computer & Electronics Retail,2026-03-15,62.59,-6.69,-6.18,82.91,53.98,66.31,70.52,Downtrend,49.6,Neutral,35.41,13.15,12.42,8.87,5.04,614.0,37.04,139.44,41.69,1.07,1.44,0.6,ข่าวส่วนใหญ่เกี่ยวกับ Best Buy เป็นบวก เน้นย้ำถึงการลงทุนจากสถาบัน ผลการดำเนินงานของหุ้นที่โดดเด่น และความก้าวหน้าในการทำกำไร แม้จะมีข้อจำกัดด้านยอดขายบ้าง.,"หุ้น BBY อยู่ในเทรนด์ขาลงและราคาลดลงต่อเนื่องทั้งระยะสั้นและยาว แต่มี P/E ที่สมเหตุสมผล (12.42) และ ROE สูงมากถึง 37.04% บ่งชี้ถึงพื้นฐานบริษัทที่แข็งแกร่งในการทำกำไร

อย่างไรก็ตาม ด้วยความผันผวนที่สูง (35.41%) หุ้นตัวนี้จึงไม่น่าสนใจสำหรับนักลงทุนทั่วไปที่เน้นการเติบโตหรือโมเมนตัม **แต่จะเหมาะกับนักลงทุนสายคุณค่าที่รับความเสี่ยงได้สูง และมองหาโอกาสในการฟื้นตัวระยะยาว** โดยต้องพิจารณาปัจจัยพื้นฐานทางธุรกิจอย่างละเอียดอีกครั้ง."
TECH,Bio-Techne Corporation,Health Care,Life Sciences Tools & Services,2026-03-15,50.85,-19.75,-14.58,71.28,46.47,61.98,57.42,Uptrend,38.94,Neutral,38.19,7.96,95.94,23.45,0.53,63.0,3.97,17.45,1.22,0.08,1.48,-0.4,ข่าวส่วนใหญ่เกี่ยวกับ Bio-Techne Corp. เป็นไปในเชิงลบจากการที่สถาบันการเงินขายหุ้นออกและผลงานต่ำกว่าคู่แข่ง แม้ว่าจะมีข่าวดีที่นักวิเคราะห์เพิ่มเป้าหมายราคาเนื่องจากเครื่องมือ AI,"หุ้น TECH มี P/E สูงมากที่ 95.94 เท่า ซึ่งบ่งชี้ถึงความคาดหวังการเติบโตสูง แต่ราคากลับปรับตัวลงแรงเกือบ 20% ในเดือนเดียว และมี Sentiment เป็นลบ แม้เทรนด์ระยะยาวยังเป็น Uptrend ก็ตาม

จึงเป็นหุ้นที่น่าสนใจสำหรับนักลงทุนที่รับความเสี่ยงได้สูงมาก เน้นการลงทุนระยะยาว และเชื่อมั่นในศักยภาพการเติบโตในอนาคตที่แข็งแกร่งเท่านั้น โดยไม่เหมาะกับนักลงทุนที่เน้นคุณค่าหรือความผันผวนต่ำ"
BIIB,Biogen Inc.,Health Care,Biotechnology,2026-03-15,181.55,-5.05,29.7,201.18,113.38,183.95,155.55,Uptrend,33.73,Neutral,28.11,26.64,20.65,11.18,8.79,,7.39,36.47,9.89,1.29,0.14,0.54,ข่าวส่วนใหญ่เป็นบวก โดยเฉพาะการลงทุนจากสถาบัน ผลประกอบการไตรมาสสี่ที่ดีเกินคาด และการนำเสนอข้อมูลยาใหม่ ซึ่งส่งผลดีต่อหุ้น Biogen,"หุ้น BIIB แสดงเทรนด์ขาขึ้นที่แข็งแกร่งตลอดปีที่ผ่านมา (เกือบ +30%) แม้จะมีการย่อตัวลงเล็กน้อยในช่วง 1 เดือนที่ผ่านมา (-5.05%) ทำให้ RSI อยู่ในระดับ Neutral ใกล้ Oversold ซึ่งอาจบ่งบอกถึงโอกาสในการเข้าซื้อ

ด้วย P/E ที่ 20.65 และ Market Cap ขนาดใหญ่ บ่งชี้ว่าเป็นบริษัทที่มีพื้นฐานดีพอสมควร แต่มีความผันผวนปานกลาง (28.11%) จึงเหมาะกับนักลงทุนที่เน้นการเติบโตในระยะกลางถึงยาว และสามารถรับความผันผวนได้ในระดับหนึ่ง โดยเฉพาะเมื่อพิจารณาจากราคาที่ย่อตัวลงมาในตอนนี้"
BLK,"BlackRock, Inc.",Financials,Asset Management & Custody Banks,2026-03-15,924.11,-14.19,4.74,1190.14,799.25,1068.84,1073.69,Downtrend,18.34,Oversold,23.56,143.74,26.18,14.94,35.3,248.0,10.72,24.37,24.22,5.55,1.49,-0.66,ภาพรวมของข่าวส่วนใหญ่เป็นลบ โดยเน้นถึงการจำกัดการถอนเงินของกองทุน BlackRock และราคาหุ้นที่ลดลงอย่างมีนัยสำคัญ,"หุ้น BLK อยู่ในเทรนด์ขาลงอย่างชัดเจนและ RSI อยู่ในภาวะ Oversold อย่างมาก ซึ่งอาจบ่งชี้ถึงโอกาสในการฟื้นตัวทางเทคนิคในระยะสั้น
แม้ P/E จะค่อนข้างสูงและ Sentiment เป็นลบ แต่ด้วยขนาดของบริษัทและ ROE ที่ดี หุ้นนี้น่าสนใจสำหรับ **นักลงทุนที่รับความเสี่ยงได้สูง** และมองหาโอกาสเข้าซื้อเมื่อราคาอ่อนตัว เพื่อเก็งกำไรจากการกลับตัว (contrarian) มากกว่านักลงทุนที่เน้นความมั่นคงในระยะยาว ณ ตอนนี้."
BX,Blackstone Inc.,Financials,Asset Management & Custody Banks,2026-03-15,106.78,-20.0,-19.13,184.87,102.12,134.38,150.11,Downtrend,41.1,Neutral,34.36,130.51,27.59,13.47,3.87,444.0,29.23,66.53,14.21,3.02,1.79,-0.32,ข่าวส่วนใหญ่เกี่ยวกับหุ้น Blackstone แสดงให้เห็นถึงราคาที่ลดลงอย่างมีนัยสำคัญและทำสถิติต่ำสุดในรอบ 52 สัปดาห์ แม้จะมีนักลงทุนสถาบันเข้าถือหุ้นก็ตาม,"หุ้น BX กำลังอยู่ในเทรนด์ขาลงอย่างชัดเจน ราคาลดลงหนักทั้งระยะสั้นและยาว มีความผันผวนสูง และ Sentiment เป็นลบ แม้ว่าจะมี ROE ที่แข็งแกร่งถึง 29.23%

ดังนั้น หุ้นตัวนี้ยังไม่น่าสนใจสำหรับนักลงทุนที่เน้นความปลอดภัยหรือระยะสั้น แต่อาจเหมาะกับนักลงทุนที่รับความเสี่ยงสูงและมองหาโอกาสลงทุนระยะยาวแบบสวนกระแส โดยต้องศึกษาปัจจัยพื้นฐานและการกลับตัวของเทรนด์อย่างละเอียด."
XYZ,"Block, Inc.",Financials,Transaction & Payment Processing Services,2026-03-15,59.79,11.11,10.64,81.11,46.53,61.29,68.38,Downtrend,66.47,Neutral,51.3,36.33,28.47,12.74,2.1,,6.01,40.44,24.19,1.31,2.67,0.3,ข่าวส่วนใหญ่เป็นกลางถึงบวก โดยมีการถือครองหุ้นจากสถาบันการเงินขนาดใหญ่ และการลดพนักงานถูกมองว่าอาจนำไปสู่การเติบโตของหุ้นในระยะยาว,"หุ้น XYZ (Block, Inc.) แสดงสัญญาณฟื้นตัวระยะสั้นด้วยราคาที่เพิ่มขึ้นกว่า 11% ในเดือนที่ผ่านมา แม้จะยังอยู่ในเทรนด์ขาลงและมีค่าความผันผวนสูงถึง 51.3% พร้อม P/E ที่ 28.47
ดังนั้น หุ้นตัวนี้น่าสนใจสำหรับ**นักลงทุนที่รับความเสี่ยงได้สูง** และมองหาโอกาสจากการแกว่งตัวของราคาในระยะสั้น-กลาง มากกว่านักลงทุนที่เน้นลงทุนระยะยาวแบบอนุรักษ์นิยม"
BK,The Bank of New York Mellon Corporation,Financials,Asset Management & Custody Banks,2026-03-15,116.17,-4.54,48.9,127.61,71.8,119.38,106.94,Uptrend,51.83,Neutral,22.05,81.01,15.7,12.42,7.4,182.0,12.9,,20.0,5.31,1.08,0.26,ข่าวส่วนใหญ่เกี่ยวกับ BNY Mellon เป็นเชิงบวก โดยเฉพาะอย่างยิ่งจากบทวิเคราะห์ที่สนับสนุนและการเพิ่มขึ้นของราคาหุ้นหลังผลประกอบการดีกว่าคาด แม้จะมีบางรายงานเกี่ยวกับการขายหุ้นโดยบริษัทจัดการลงทุน,"หุ้น BK น่าสนใจสำหรับนักลงทุนที่มองหาสถาบันการเงินขนาดใหญ่ที่มีแนวโน้มขาขึ้นชัดเจน โดยมีผลตอบแทนย้อนหลัง 1 ปีที่โดดเด่นถึง 48.9% และมี ROE ที่แข็งแกร่ง 12.9%

แม้ราคาจะปรับลงเล็กน้อยในเดือนที่ผ่านมา แต่ด้วย P/E ที่ 15.7 และ RSI ที่เป็นกลาง ทำให้เป็นโอกาสสำหรับนักลงทุนที่เน้นการเติบโตในระยะยาวและรับความผันผวนระดับปานกลางได้"
BA,The Boeing Company,Industrials,Aerospace & Defense,2026-03-15,209.89,-11.16,31.74,252.15,136.59,234.28,219.2,Uptrend,34.34,Neutral,33.3,164.94,84.63,44.62,2.48,,290.08,1032.89,89.46,1.89,1.1,-0.3,ภาพรวมข่าวส่วนใหญ่เป็นเชิงลบเกี่ยวกับหุ้นโบอิ้ง โดยเน้นปัญหาคุณภาพสายไฟ 737 MAX ที่ทำให้การส่งมอบล่าช้าและราคาหุ้นลดลง แม้จะมีข่าวหนึ่งที่ตั้งคำถามถึงโอกาสที่หุ้นจะกลับมาพุ่งขึ้น,"หุ้น BA ยังคงอยู่ในแนวโน้มขาขึ้นในระยะยาว แม้จะมีการปรับฐานลงในช่วงสั้นๆ ที่ผ่านมา โดยมี P/E สูงมากแต่ ROE ที่โดดเด่นสะท้อนถึงการฟื้นตัวของธุรกิจ

ด้วยความผันผวนสูง (Volatility 33.3%) และ P/E ที่ค่อนข้างแพง **หุ้น BA จึงน่าสนใจสำหรับนักลงทุนที่รับความเสี่ยงได้สูง มีมุมมองการลงทุนระยะยาว และเชื่อมั่นในการฟื้นตัวหรือการเติบโตของอุตสาหกรรมการบิน** มากกว่านักลงทุนที่เน้นคุณค่า (Value Investor) หรือความมั่นคงในระยะสั้น"
BKNG,Booking Holdings Inc.,Consumer Discretionary,"Hotels, Resorts & Cruise Lines",2026-03-15,4241.26,-1.43,-0.5,5781.65,3862.02,4684.84,5187.84,Downtrend,64.13,Neutral,28.28,136.71,25.64,13.54,165.41,93.0,,,26.92,5.4,1.23,0.06,ข่าวเกี่ยวกับ Booking Holdings มีความหลากหลาย ทั้งเชิงบวกจากการแตกพาร์และราคาหุ้นที่พุ่งขึ้น และเชิงลบจากราคาที่อ่อนแอลงและการขายหุ้นโดยผู้บริหาร,"หุ้น BKNG กำลังอยู่ในช่วง Downtrend และมีผลตอบแทนติดลบทั้งในระยะ 1 เดือนและ 1 ปี ขณะที่ Sentiment Score ต่ำมาก และไม่มีข้อมูล ROE ที่ชัดเจน (หรือเป็น 0%)

หุ้นตัวนี้จึงยังไม่น่าสนใจสำหรับนักลงทุนทั่วไปที่มองหากำไรหรือการเติบโตในระยะสั้นถึงกลาง เหมาะกับนักลงทุนที่รับความเสี่ยงสูงมากและสนใจการลงทุนแบบสวนกระแสเพื่อหวังการกลับตัวในระยะยาวสุด ๆ โดยต้องศึกษาปัจจัยพื้นฐานอย่างละเอียดเพิ่มเติม."
BSX,Boston Scientific Corporation,Health Care,Health Care Equipment,2026-03-15,69.13,-5.91,-27.51,108.14,68.55,83.02,96.6,Downtrend,34.91,Neutral,23.44,102.58,35.63,17.65,1.94,,12.45,48.92,20.07,2.9,0.7,-0.08,ข่าวเกี่ยวกับหุ้น Boston Scientific มีทั้งมุมมองเชิงลบจากราคาหุ้นที่ลดลงและการขายของสถาบัน และมุมมองเชิงบวกถึงศักยภาพการเติบโตในอนาคต ทำให้ภาพรวมยังคงผสมผสานแต่ค่อนไปทางลบเล็กน้อย,"หุ้น BSX กำลังอยู่ในแนวโน้มขาลงอย่างชัดเจน ราคาลดลงต่อเนื่องทั้งระยะสั้นและยาว และมี P/E ที่สูงถึง 35.63 เท่า ทำให้ดูแพงเมื่อเทียบกับกำไร แม้จะเป็นบริษัทใหญ่และมี ROE พอใช้
ดังนั้น หุ้นนี้จึงยังไม่น่าสนใจสำหรับนักลงทุนที่มองหากำไรระยะสั้นหรือมูลค่าที่เหมาะสม แต่อาจเหมาะกับนักลงทุนระยะยาวที่เชื่อมั่นในศักยภาพธุรกิจในอนาคตและสามารถรับความเสี่ยงจากความผันผวนของราคาได้สูง."
BMY,Bristol-Myers Squibb Company,Health Care,Pharmaceuticals,2026-03-15,59.08,-1.42,2.96,62.37,42.1,58.07,49.33,Uptrend,37.34,Neutral,26.33,120.31,17.08,9.64,3.46,427.0,40.44,254.98,48.19,7.05,0.27,0.4,โดยรวมแล้วข่าวเกี่ยวกับหุ้น Bristol Myers Squibb มีแนวโน้มเป็นบวก โดยเฉพาะจากผลงานที่โดดเด่นในเดือนกุมภาพันธ์และการเข้าซื้อหุ้นโดยนักลงทุนสถาบัน,"หุ้น BMY ดูน่าสนใจ ด้วยพื้นฐานที่แข็งแกร่ง (ROE สูงถึง 40.44%, P/E อยู่ในระดับที่เหมาะสม) และยังอยู่ในเทรนด์ขาขึ้น เหมาะสำหรับนักลงทุนที่มองหาความมั่นคงในระยะยาวและมูลค่า ไม่เน้นการเติบโตหวือหวามากนัก."
AVGO,Broadcom Inc.,Information Technology,Semiconductors,2026-03-15,322.16,-6.01,69.87,412.18,145.42,333.06,322.68,Uptrend,45.47,Neutral,48.02,1527.45,62.92,18.37,5.12,81.0,33.37,166.03,68.28,24.97,1.26,0.48,ข่าวส่วนใหญ่แสดงความเชื่อมั่นเชิงบวกต่อหุ้น Broadcom และหุ้นชิป AI ศักยภาพสูง โดยมีการแนะนำให้ 'ซื้อ' และการจัดอันดับที่ดีเยี่ยม แม้จะมีข่าวการขายหุ้นโดยกองทุนหนึ่งก็ตาม,"หุ้น AVGO น่าสนใจด้วยแนวโน้มขาขึ้นที่แข็งแกร่งและการเติบโตที่โดดเด่นในระยะยาว (1 ปี +69.87%) รวมถึง ROE ที่สูงมากถึง 33.37%
อย่างไรก็ตาม หุ้นมีราคาค่อนข้างแพงด้วย P/E 62.92 เท่า และมีความผันผวนสูงถึง 48.02% จึงเหมาะกับนักลงทุนที่รับความเสี่ยงได้สูง เน้นการลงทุนระยะยาว และมองหาหุ้นเติบโต."
BR,"Broadridge Financial Solutions, Inc.",Industrials,Data Processing & Outsourced Services,2026-03-15,178.32,6.43,-20.01,264.73,167.55,195.79,227.12,Downtrend,53.05,Neutral,21.07,20.82,19.73,17.23,9.04,219.0,41.79,117.17,7.18,1.07,0.98,0.06,ข่าวมีการผสมผสานกัน ทั้งเชิงลบเกี่ยวกับการทำผลงานได้ไม่ดีนัก และเชิงบวกจากการเพิ่มสัดส่วนการลงทุนของนักลงทุนสถาบัน รวมถึงการปรับกลยุทธ์ของบริษัท,"หุ้น BR อยู่ใน **แนวโน้มขาลง** อย่างชัดเจนในรอบปีที่ผ่านมา (-20.01%) แม้จะมี **ROE สูงถึง 41.79%** และ P/E อยู่ในระดับที่สมเหตุสมผล (19.73) ซึ่งแสดงถึงประสิทธิภาพในการทำกำไรที่ดี แต่ Sentiment โดยรวมยังค่อนข้างเป็นกลาง

ดังนั้น หุ้นตัวนี้จึง **อาจน่าสนใจสำหรับนักลงทุนที่รับความเสี่ยงได้สูง** และมองหาโอกาสในการสะสมหุ้นคุณภาพดีในจังหวะที่ราคาอ่อนตัว โดยเน้นการลงทุนระยะยาวและควรพิจารณาเมื่อมีสัญญาณการกลับตัวของราคาที่ชัดเจนขึ้น"
BRO,"Brown & Brown, Inc.",Financials,Insurance Brokers,2026-03-15,68.26,1.85,-41.66,123.52,67.02,73.56,88.14,Downtrend,46.19,Neutral,22.02,23.31,21.6,13.7,3.16,92.0,11.23,62.98,5.76,1.04,0.8,0.46,ข่าวส่วนใหญ่มีแนวโน้มเป็นบวก โดยเน้นเรื่องราวเกี่ยวกับความก้าวหน้าและการพัฒนาของนักกีฬา รวมถึงความตั้งใจของบุคคลสาธารณะในการสร้างผลกระทบเชิงบวกต่อสังคม,"หุ้น BRO อยู่ในช่วงเทรนด์ขาลงอย่างชัดเจน โดยราคาลดลงกว่า 41% ในรอบ 1 ปี ทำให้ยังไม่น่าสนใจสำหรับนักลงทุนทั่วไปหรือผู้ที่เน้นความปลอดภัย เนื่องจากมีความเสี่ยงสูง

อย่างไรก็ตาม อาจเหมาะกับนักลงทุนสายเทรดดิ้งที่มองหาจังหวะการกลับตัวในระยะสั้น หรือนักลงทุนแบบสวนกระแสที่รับความเสี่ยงสูงได้และเชื่อมั่นในพื้นฐานระยะยาวของธุรกิจ (P/E 21.6, ROE 11.23%) หลังจากราคาปรับฐานลงมามากแล้ว"
BF-B,Brown-Forman Corporation,Consumer Staples,Distillers & Vintners,2026-03-15,23.49,-21.71,-30.14,34.92,23.07,27.24,27.8,Downtrend,18.63,Oversold,31.39,10.77,13.66,13.85,1.72,390.0,20.42,67.25,3.91,0.81,0.4,-0.12,ข่าวหุ้น Brown-Forman มีแนวโน้มเป็นลบเล็กน้อย จากการถูกปรับลดอันดับและการคาดการณ์ที่อ่อนแอลง แม้จะมีรายงานการทำผลงานได้ดีกว่าคู่แข่งในบางโอกาส,"หุ้น BF-B อยู่ในช่วงขาลงรุนแรงและราคาลดลงมาก (Downtrend) แต่ RSI ชี้ว่าอยู่ในภาวะ Oversold อย่างหนัก ประกอบกับค่า P/E และ ROE ที่น่าสนใจ แสดงถึงพื้นฐานที่ดี

หุ้นนี้จึงอาจเป็นโอกาสสำหรับนักลงทุนที่รับความเสี่ยงได้สูงและมองหาจังหวะการกลับตัว หรือนักลงทุนคุณค่าที่สามารถรอคอยการฟื้นตัวได้ในระยะยาว แต่ไม่เหมาะกับนักลงทุนที่ต้องการความมั่นคงสูง"
BLDR,"Builders FirstSource, Inc.",Industrials,Building Products,2026-03-15,88.09,-30.61,-28.27,149.21,86.6,112.19,118.91,Downtrend,22.18,Oversold,44.92,9.74,22.65,11.47,3.89,,10.06,117.19,15.19,0.44,1.56,-0.16,แม้จะมีข่าวดีเรื่องราคาหุ้นพุ่งขึ้นและการถือครองโดยสถาบัน แต่ข่าวส่วนใหญ่ชี้ไปที่แนวโน้มเชิงลบ เช่น หุ้นทำจุดต่ำสุดในรอบ 52 สัปดาห์ การพลาดเป้ากำไร และการขายหุ้นโดยนักลงทุนรายใหญ่,"หุ้น BLDR อยู่ในเทรนด์ขาลงอย่างรุนแรง ราคาลดลงกว่า 30% ใน 1 เดือน และเกือบ 30% ใน 1 ปี พร้อมความผันผวนสูงและ Sentiment เชิงลบ แม้ RSI จะบ่งชี้ว่าอยู่ในภาวะ Oversold ซึ่งอาจนำไปสู่การดีดตัวกลับในระยะสั้น

**สรุป:** หุ้น BLDR **ไม่น่าสนใจ** สำหรับนักลงทุนทั่วไปที่เน้นความมั่นคงหรือลงทุนระยะยาว แต่จะ **เหมาะกับนักลงทุนที่รับความเสี่ยงได้สูงมาก** และมองหาโอกาสทำกำไรจากการ ""สวนกระแส"" ในระยะสั้นเท่านั้น โดยต้องติดตามสถานการณ์อย่างใกล้ชิด"
BG,Bunge Global SA,Consumer Staples,Agricultural Products & Services,2026-03-15,124.73,2.8,74.72,125.83,67.43,113.16,91.25,Uptrend,56.39,Neutral,27.33,24.14,25.3,12.42,4.93,224.0,5.96,91.01,70.33,0.82,0.74,0.36,"ภาพรวมข่าวเกี่ยวกับ Bunge Global เป็นบวกเล็กน้อย โดยมีปัจจัยหนุนจากการประกาศซื้อหุ้นคืน, ผลกำไรที่สูงขึ้น และราคาหุ้นที่ทำสถิติสูงสุดในรอบปี แม้จะมีความผันผวนและนักลงทุนสถาบันบางรายลดสัดส่วนการถือครองหุ้นก็ตาม","หุ้น BG (Bunge Global SA) น่าสนใจสำหรับนักลงทุนที่มองหา **หุ้นเติบโตระยะสั้นถึงกลาง** เนื่องจากมีผลงานโดดเด่นในรอบ 1 ปี (+74.72%) และอยู่ในช่วงขาขึ้นอย่างชัดเจน (Uptrend) โดย RSI ยังเป็นกลาง (56.39) บ่งชี้ว่ามีโอกาสไปต่อได้

อย่างไรก็ตาม หุ้นมี P/E ค่อนข้างสูง (25.3) และ ROE ยังไม่โดดเด่น (5.96%) รวมถึงมีความผันผวนปานกลาง (27.33%) จึงเหมาะกับนักลงทุนที่**รับความเสี่ยงและความผันผวนได้** และเน้นการลงทุนตามโมเมนตัมมากกว่ามูลค่าพื้นฐานที่ราคาไม่แพง."
BXP,"BXP, Inc.",Real Estate,Office REITs,2026-03-15,52.01,-15.81,-14.66,77.41,52.01,62.12,67.71,Downtrend,26.58,Oversold,35.04,9.21,29.89,22.37,1.74,538.0,4.92,226.0,3.15,0.28,1.03,-0.04,แม้จะมีข่าวหุ้น BXP Inc. ทำผลงานได้ดีกว่าคู่แข่ง แต่ข่าวการลดสัดส่วนการลงทุนของสถาบันและผู้บริหารทำให้ภาพรวม sentiment ของข่าวเกือบเป็นกลางถึงติดลบเล็กน้อย,"หุ้น BXP อยู่ในภาวะ Downtrend รุนแรงและ RSI ชี้ว่าอยู่ในโซน Oversold อย่างชัดเจน บ่งบอกถึงแรงขายที่มากเกินไปในระยะสั้น อย่างไรก็ตาม ด้วย P/E ที่สูงเกือบ 30 เท่า และ ROE ที่ต่ำกว่า 5% แสดงให้เห็นว่าพื้นฐานยังไม่แข็งแกร่งเมื่อเทียบกับราคาปัจจุบัน และมี Volatility สูง

ดังนั้น หุ้น BXP จึงอาจน่าสนใจสำหรับนักลงทุนที่รับความเสี่ยงได้สูงมาก เน้นการเทรดระยะสั้นเพื่อหวังผลจากการดีดกลับทางเทคนิค (bounce) เท่านั้น และไม่เหมาะกับนักลงทุนระยะยาวที่มองหาหุ้นที่มีพื้นฐานแข็งแกร่งหรือความมั่นคง"
CHRW,"C.H. Robinson Worldwide, Inc.",Industrials,Air Freight & Logistics,2026-03-15,169.39,-13.43,79.2,199.91,85.35,180.51,139.21,Uptrend,42.3,Neutral,33.42,20.09,35.14,23.67,4.82,149.0,32.91,75.6,16.23,0.59,0.9,0.14,ข่าวของ C.H. Robinson มีทั้งด้านบวกจากการนำ AI มาใช้เพื่อเพิ่มประสิทธิภาพการดำเนินงานอย่างมาก และด้านลบจากผลการดำเนินงานของหุ้นที่ต่ำกว่าคู่แข่งและการลดการถือครองของนักลงทุนสถาบัน,"หุ้น CHRW น่าสนใจด้วยเทรนด์ขาขึ้นที่แข็งแกร่ง (79.2% ใน 1 ปี) และ ROE ที่ยอดเยี่ยม (32.91%) บ่งชี้ถึงการเติบโตและผลกำไรที่ดีเยี่ยมของบริษัท
อย่างไรก็ตาม ค่า P/E ที่สูงถึง 35.14 และความผันผวนระดับกลาง ทำให้หุ้นนี้เหมาะสำหรับนักลงทุนที่เน้นการเติบโต (Growth Investor) และสามารถรับความเสี่ยงด้านราคาได้ ไม่เหมาะกับนักลงทุนเน้นคุณค่า (Value Investor) ที่มองหาหุ้นราคาถูก"
CDNS,"Cadence Design Systems, Inc.",Information Technology,Application Software,2026-03-15,287.03,-4.21,18.82,373.37,231.64,302.07,322.73,Downtrend,55.84,Neutral,35.11,79.18,70.87,30.54,4.05,,21.86,48.71,5.3,1.11,1.02,0.3,ข่าวส่วนใหญ่เกี่ยวกับหุ้น CDNS แสดงให้เห็นถึงมุมมองเชิงบวกจากนักวิเคราะห์และผลงานของหุ้นที่แข็งแกร่ง แม้จะมีข่าวการลดสัดส่วนการถือครองหุ้นของนักลงทุนสถาบันบางรายก็ตาม,"หุ้น CDNS มีพื้นฐานแข็งแกร่ง (ROE ดี) และเติบโตโดดเด่นในระยะยาว แต่มี P/E สูงมากที่ 70.87 เท่า และปัจจุบันมีแนวโน้มเป็นขาลง พร้อมความผันผวนสูง

จึงเหมาะกับนักลงทุนระยะยาวที่รับความผันผวนและความเสี่ยงสูงได้ รวมถึงเชื่อมั่นในการเติบโตในอนาคตมากกว่ามูลค่าปัจจุบัน และไม่เหมาะกับนักลงทุนที่เน้นคุณค่าหรือความมั่นคงในช่วงนี้"
CPT,Camden Property Trust,Real Estate,Multi-Family Residential REITs,2026-03-15,100.61,-9.16,-10.5,119.27,96.61,107.87,106.88,Uptrend,24.13,Oversold,21.84,10.7,28.42,57.64,3.54,421.0,8.6,88.4,1.59,0.38,0.82,0.38,ข่าวเกี่ยวกับหุ้น CPT ส่วนใหญ่เป็นไปในเชิงบวก โดยเฉพาะคำแนะนำซื้อของนักวิเคราะห์และการที่บริษัทนำหน้าคู่แข่งในกลุ่ม แม้จะมีรายงานการขายหุ้นและข่าวทั่วไปเกี่ยวกับบริษัทก็ตาม,หุ้น CPT มีราคาปรับตัวลดลงอย่างมีนัยสำคัญในช่วง 1 เดือนและ 1 ปีที่ผ่านมา และปัจจุบันเข้าสู่ภาวะ Oversold (RSI 24.13) ซึ่งอาจบ่งชี้ถึงโอกาสในการฟื้นตัวในระยะสั้น อย่างไรก็ตาม ค่า P/E ที่ 28.42 ยังค่อนข้างสูง จึงเหมาะสำหรับนักลงทุนที่ยอมรับความผันผวนได้และมองหาจังหวะการเข้าซื้อในภาวะที่ตลาดปรับฐาน โดยต้องพิจารณาปัจจัยพื้นฐานเพิ่มเติมเพื่อการลงทุนระยะยาว.
CPB,The Campbell's Company,Consumer Staples,Packaged Foods & Meats,2026-03-15,21.71,-25.95,-40.7,38.28,21.65,26.72,29.72,Downtrend,17.31,Oversold,25.12,6.47,11.19,9.41,1.94,719.0,13.89,176.57,10.04,0.55,-0.06,-0.36,ข่าวส่วนใหญ่เกี่ยวกับ Campbell's แสดงมุมมองเชิงลบ เช่น หุ้นตกต่ำและอาจถูกถอดออกจาก S&P 500 แม้จะมีบางแหล่งแนะนำให้ซื้อเพราะปันผลสูง,"หุ้น CPB อยู่ในภาวะขาลงรุนแรงทั้งระยะสั้นและยาว โดยมี RSI ต่ำมากบ่งชี้ว่าอยู่ในโซน Oversold อย่างหนัก แม้ P/E จะดูต่ำและ ROE ยังดี แต่ด้วย Volatility สูงและ Sentiment ติดลบ ทำให้มีความเสี่ยงสูงมาก

หุ้นนี้ไม่เหมาะกับนักลงทุนทั่วไป แต่เป็นที่น่าจับตาสำหรับนักลงทุนที่รับความเสี่ยงได้สูงมากและมองหาโอกาสจากการกลับตัวของหุ้น (Contrarian/Speculative) หลังการปรับฐานที่รุนแรง"
COF,Capital One Financial Corporation,Financials,Consumer Finance,2026-03-15,179.79,-15.82,9.7,256.96,148.55,215.9,215.64,Uptrend,40.89,Neutral,33.35,111.82,53.51,7.31,3.36,178.0,2.39,,32.78,1.82,1.14,-0.28,ภาพรวมข่าวมีแนวโน้มเป็นลบเล็กน้อย โดยเฉพาะอย่างยิ่งจากความกังวลเกี่ยวกับการลดลงของผลกำไร การขายหุ้นโดยสถาบัน และผลการดำเนินงานที่ต่ำกว่าตลาด แม้จะมีมุมมองเชิงบวกในฐานะคู่แข่งที่แข็งแกร่งในภาคธนาคารก็ตาม,"หุ้น COF ปรับตัวลดลงมากใน 1 เดือน (-15.82%) แต่ยังคงอยู่ในเทรนด์ขาขึ้นระยะยาว อย่างไรก็ตาม ค่า P/E ที่สูงมาก (53.51) สวนทางกับ ROE ที่ต่ำเพียง 2.39% บ่งชี้ถึงความเสี่ยงด้านมูลค่าพื้นฐาน

ดังนั้น หุ้นนี้อาจน่าสนใจสำหรับนักลงทุนที่รับความเสี่ยงสูง เน้นการเทรดตามเทรนด์ และติดตามข้อมูลอย่างใกล้ชิด มากกว่านักลงทุนที่มองหามูลค่าพื้นฐานระยะยาวที่มั่นคง"
CAH,"Cardinal Health, Inc.",Health Care,Health Care Distributors,2026-03-15,217.08,-3.2,74.08,229.88,123.91,216.4,180.46,Uptrend,39.74,Neutral,24.36,51.08,31.23,18.75,6.95,94.0,,,244.67,1.66,0.62,0.6,ข่าวส่วนใหญ่เป็นบวก โดยมีการแนะนำให้ซื้อ การลงทุนจากสถาบัน และแนวโน้มที่บ่งชี้ถึงผลงานที่ดีของหุ้น Cardinal Health,"หุ้น CAH (Cardinal Health) มีแนวโน้มขาขึ้นที่แข็งแกร่งมากตลอดหนึ่งปีที่ผ่านมา (+74.08%) ทำให้เป็นที่น่าสนใจสำหรับนักลงทุนที่เน้นการเติบโตและโมเมนตัม

อย่างไรก็ตาม ด้วยค่า P/E ที่ 31.23 ถือว่าค่อนข้างสูง และข้อมูล ROE ไม่ปรากฏ นักลงทุนจึงควรศึกษาพื้นฐานเพิ่มเติมอย่างรอบคอบ โดยเฉพาะหากเป็นนักลงทุนเน้นคุณค่า (Value Investor) แต่เหมาะสำหรับนักลงทุนที่เชื่อมั่นในการเติบโตของบริษัทและรับความผันผวนได้ในระดับหนึ่ง."
CCL,Carnival Corporation & plc,Consumer Discretionary,"Hotels, Resorts & Cruise Lines",2026-03-15,23.99,-27.17,26.05,33.83,16.35,30.12,28.66,Uptrend,23.93,Oversold,46.95,33.23,11.88,8.59,2.02,63.0,25.63,227.88,26.62,2.76,2.46,0.42,ข่าวส่วนใหญ่มีแนวโน้มเชิงบวก โดยเฉพาะการแนะนำหุ้นราคาถูกน่าซื้อ ส่วนข่าวหุ้น Carnival มีทั้งเชิงลบจากการขายหุ้นและเชิงบวกที่ตั้งคำถามถึงโอกาสในการฟื้นตัวหรือซื้อหลังราคาลดลง,"หุ้น CCL น่าสนใจสำหรับนักลงทุนที่รับความเสี่ยงได้สูงและมองหาโอกาสในการลงทุนระยะกลางถึงยาว เนื่องจากแม้ราคาจะปรับลดลงแรงใน 1 เดือน (-27.17%) จนอยู่ในภาวะ Oversold (RSI 23.93) แต่เทรนด์โดยรวมยังเป็นขาขึ้น และมี P/E ที่น่าสนใจ (11.88) พร้อม ROE ที่โดดเด่น (25.63%)

อย่างไรก็ตาม ด้วยความผันผวนที่สูง (Volatility 46.95%) หุ้นนี้จึงเหมาะกับนักลงทุนที่สามารถรับความเสี่ยงได้มาก และเชื่อมั่นในศักยภาพการฟื้นตัวของธุรกิจในระยะต่อไป เพื่อรอจังหวะการรีบาวด์"
CARR,Carrier Global Corporation,Industrials,Building Products,2026-03-15,55.65,-17.04,-12.14,80.08,50.14,59.56,62.0,Downtrend,23.98,Oversold,30.89,46.51,32.93,17.52,1.69,173.0,10.93,87.72,21.75,1.46,1.29,0.14,ข่าวสารเกี่ยวกับ Carrier Global มีทั้งมุมมองบวกจากการซื้อหุ้นและการปรับเพิ่มเป้าหมายราคา รวมถึงมุมมองลบเกี่ยวกับผลงานที่ต่ำกว่าตลาดและคู่แข่ง,"หุ้น CARR อยู่ในช่วงขาลงอย่างชัดเจน ราคาลดลงมากในช่วง 1 เดือนและ 1 ปี พร้อมกับ RSI ที่อยู่ในภาวะ Oversold (ขายมากเกินไป) ซึ่งอาจบ่งชี้ถึงโอกาสในการฟื้นตัวระยะสั้น

อย่างไรก็ตาม ด้วยค่า P/E ที่สูงถึง 32.93 และ Sentiment ที่เป็นลบ ทำให้หุ้นตัวนี้ยังมีความเสี่ยงสูง จึงเหมาะกับนักลงทุนที่รับความเสี่ยงได้สูงมาก และเป็นนักลงทุนแบบ Contrarian ที่มองหาจังหวะเข้าซื้อสวนตลาดเพื่อเก็งกำไรระยะสั้นเท่านั้น ไม่เหมาะกับนักลงทุนสายเน้นคุณค่าหรือผู้ที่รับความเสี่ยงต่ำ"
CVNA,Carvana Co.,Consumer Discretionary,Automotive Retail,2026-03-15,300.15,-17.56,80.09,478.45,162.57,388.97,365.71,Uptrend,41.6,Neutral,96.34,65.78,35.48,28.15,8.46,,67.95,133.12,20.32,1.41,3.67,0.64,ข่าวส่วนใหญ่มีทิศทางเป็นบวก โดยชี้ให้เห็นว่าการแตกหุ้นของ Carvana เป็นผลมาจากการปรับตัวขึ้นของราคาหุ้นอย่างต่อเนื่อง ทำให้หุ้นเข้าถึงได้ง่ายขึ้น และส่งผลให้เกิดการฟื้นตัวของราคาหุ้นในตลาด.,"หุ้น CVNA ยังอยู่ในเทรนด์ขาขึ้นที่แข็งแกร่ง แม้จะมีการปรับฐานลงกว่า 17% ในเดือนล่าสุด และมีความผันผวนสูงมาก (Volatility 96.34%)

อย่างไรก็ตาม ด้วย ROE ที่โดดเด่น 67.95% แสดงถึงศักยภาพการทำกำไรที่ดีเยี่ยม ทำให้หุ้นน่าสนใจสำหรับนักลงทุนที่รับความเสี่ยงได้สูงและมองหาหุ้นเติบโตที่มีแนวโน้มขาขึ้นเป็นหลัก"
CAT,Caterpillar Inc.,Industrials,Construction Machinery & Heavy Transportation Equipment,2026-03-15,693.99,-10.45,111.08,775.0,270.22,688.56,523.56,Uptrend,34.07,Neutral,29.65,324.77,36.89,25.07,18.81,87.0,43.53,206.67,67.59,8.88,1.53,0.3,ข่าวส่วนใหญ่เป็นกลาง แต่มีข่าวเชิงบวกเกี่ยวกับการเพิ่มสัดส่วนการลงทุนและนักวิเคราะห์ปรับเพิ่มเป้าหมายราคาหุ้น.,"หุ้น CAT (Caterpillar) น่าสนใจจากผลงานโดดเด่นในรอบปีที่ผ่านมาด้วยการเติบโตกว่า 111% และอยู่ในเทรนด์ขาขึ้น แม้ราคาจะปรับลดลงในเดือนล่าสุดเล็กน้อย (-10.45%) และมี P/E ค่อนข้างสูง (36.89) แต่ก็แสดงความสามารถในการทำกำไรที่ดีเยี่ยมด้วย ROE สูงถึง 43.53% และมี Market Cap ขนาดใหญ่

จึงเหมาะกับนักลงทุนที่มองหาการเติบโตในระยะยาวและยอมรับความผันผวนของราคาหุ้นได้ โดยเน้นที่ปัจจัยพื้นฐานที่แข็งแกร่งมากกว่าการประเมินมูลค่าในปัจจุบัน."
CBOE,"Cboe Global Markets, Inc.",Financials,Financial Exchanges & Data,2026-03-15,289.9,8.18,35.46,304.43,204.73,276.21,249.86,Uptrend,50.44,Neutral,20.53,30.34,27.85,22.83,10.41,96.0,23.36,30.96,4.71,1.09,0.34,-0.26,ข่าวส่วนใหญ่เกี่ยวกับ Cboe Global Markets ชี้ให้เห็นถึงราคาหุ้นที่ลดลงและประสิทธิภาพที่ด้อยกว่าคู่แข่งเมื่อเร็วๆ นี้ แม้จะมีข่าวดีเกี่ยวกับการเติบโตในระยะยาวและการเปิดตัวผลิตภัณฑ์ใหม่ก็ตาม,หุ้น CBOE แสดงเทรนด์ขาขึ้นที่แข็งแกร่งและน่าสนใจ ด้วยผลตอบแทน 1 ปีสูงถึง 35.46% และ ROE ที่ยอดเยี่ยม 23.36% บ่งชี้ถึงศักยภาพการทำกำไรที่ดีเยี่ยม อย่างไรก็ตาม P/E ที่สูงถึง 27.85 เท่าและความผันผวนปานกลาง (20.53%) ทำให้หุ้นนี้เหมาะกับนักลงทุนที่รับความเสี่ยงได้ และมองหาหุ้นเติบโตในระยะยาว แม้จะมีมูลค่าสูง
CBRE,"CBRE Group, Inc.",Real Estate,Real Estate Services,2026-03-15,133.8,-10.5,9.86,171.61,113.94,156.41,153.29,Uptrend,30.16,Neutral,29.75,39.82,34.75,15.38,3.85,,13.57,106.24,40.55,1.16,1.34,-0.36,ข่าวส่วนใหญ่บ่งชี้ถึงผลการดำเนินงานที่ไม่ดีของ CBRE โดยมีข้อสงสัยเกี่ยวกับประสิทธิภาพของหุ้น ราคาหุ้นที่อ่อนตัวลง การขายหุ้นโดยสถาบัน และผลประกอบการที่ปะปนกับภาวะการยึดทรัพย์,"หุ้น CBRE อยู่ในเทรนด์ขาขึ้นระยะยาว แต่กำลังเผชิญการปรับฐานราคาในระยะสั้น (1 เดือนลดลง 10.5%) พร้อม sentiment ที่เป็นลบ และ RSI ที่เป็นกลางค่อนข้างต่ำ แม้จะมี P/E ที่ค่อนข้างสูง (34.75) และความผันผวนสูง (29.75%) แต่ก็มี ROE ที่ดี (13.57%) แสดงถึงความสามารถในการทำกำไร

**สรุป:** หุ้นนี้น่าสนใจสำหรับ **นักลงทุนที่รับความเสี่ยงได้สูง** และมองหาโอกาสในการลงทุนในจังหวะที่ราคาปรับฐานลงมา (อาจเป็นการเก็บของในแนวรับ) โดยคาดหวังการกลับตัวตามเทรนด์ขาขึ้นในระยะยาว มากกว่านักลงทุนที่เน้นคุณค่าหรือต้องการความมั่นคงสูงในระยะสั้น"
CDW,CDW Corporation,Information Technology,Technology Distributors,2026-03-15,116.16,-13.5,-27.76,187.53,113.48,127.68,151.82,Downtrend,37.74,Neutral,29.17,15.12,14.38,10.27,8.08,217.0,43.02,236.87,22.42,1.07,1.05,-0.06,แม้จะมีข่าวการเพิ่มสัดส่วนการถือหุ้นและการได้รับหุ้นเพิ่ม แต่ข่าวเกี่ยวกับผลงานที่อาจต่ำกว่าภาคส่วนเทคโนโลยีและผลกระทบในไตรมาส 4 ทำให้ภาพรวมของ sentiment ค่อนข้างเป็นกลางไปทางลบเล็กน้อย,CDW กำลังอยู่ในเทรนด์ขาลงอย่างชัดเจน ราคาลดลงอย่างมากในช่วง 1 เดือนและ 1 ปี แม้จะมี ROE ที่ยอดเยี่ยม (43.02%) และ P/E ที่สมเหตุสมผล (14.38) แต่ Sentiment โดยรวมยังติดลบเล็กน้อย หุ้นนี้จึง**ไม่น่าสนใจ**สำหรับนักลงทุนที่เน้นความมั่นคงหรือเทรนด์ขาขึ้น แต่**อาจเหมาะกับนักลงทุนสายสวนกระแสที่รับความเสี่ยงสูง** และต้องการเข้าสะสมในระยะยาว เพื่อรอการฟื้นตัวของราคาโดยอาศัยพื้นฐานที่แข็งแกร่งของบริษัทเป็นตัวหนุน
COR,"Cencora, Inc.",Health Care,Health Care Distributors,2026-03-15,349.95,-4.14,37.67,374.11,254.19,354.49,322.92,Uptrend,32.78,Neutral,20.03,68.08,42.01,17.83,8.33,69.0,133.47,472.58,325.78,1.63,0.65,0.34,ภาพรวมข่าวส่วนใหญ่เป็นเชิงบวก โดยเน้นผลประกอบการที่ดีขึ้น การเพิ่มเงินปันผล และแนวโน้มเชิงบวกในอนาคต แม้จะมีข่าวการลดสัดส่วนการลงทุนจากนักลงทุนรายใหญ่บางส่วน,"หุ้น COR มีแนวโน้มขาขึ้นที่แข็งแกร่งในระยะยาวและมี ROE ที่โดดเด่นมากถึง 133.47% สะท้อนถึงประสิทธิภาพการทำกำไรที่ดีเยี่ยม

แม้ P/E จะสูงถึง 42.01 บ่งชี้ว่าราคาอาจแพงเมื่อเทียบกับกำไร แต่ด้วยศักยภาพการเติบโต หุ้นนี้น่าจะเหมาะกับนักลงทุนที่เน้นการเติบโต (Growth Investor) และสามารถรับความผันผวนได้ในระดับหนึ่ง (Volatility 20.03%) โดยอาจรอจังหวะซื้อเมื่อราคาย่อตัวลงมา (หลังราคาลดลง 4.14% ใน 1 เดือน) เพื่อสะสมในพอร์ตระยะยาว"
CNC,Centene Corporation,Health Care,Managed Health Care,2026-03-15,34.45,-14.79,-40.56,64.29,25.21,42.76,38.44,Uptrend,23.87,Oversold,42.97,16.94,,8.42,-13.53,,-28.68,90.56,176.15,-6.67,0.46,-0.3,ข่าวส่วนใหญ่เกี่ยวกับราคาหุ้น Centene ที่ตกลงและเผชิญกับปัจจัยลบจากกฎหมาย ACA/Obamacare แม้จะมีรายงานการเพิ่มการถือครองหุ้นโดยนักลงทุนสถาบันก็ตาม,"หุ้น CNC มีผลงานที่ย่ำแย่มาก ราคาลดลงอย่างต่อเนื่องทั้งในระยะสั้นและยาว อีกทั้งบริษัทยังขาดทุน (ROE ติดลบ) และไม่มี P/E บ่งชี้ถึงปัจจัยพื้นฐานที่ไม่ดีและ sentiment ที่เป็นลบ.

ถึงแม้ RSI จะอยู่ในภาวะ Oversold ที่อาจมีการฟื้นตัวในระยะสั้นได้ แต่ด้วยความผันผวนที่สูง หุ้นตัวนี้จึง**ไม่น่าสนใจสำหรับนักลงทุนทั่วไป** และเหมาะสำหรับนักลงทุนที่รับความเสี่ยงได้สูงมากและเน้นการเก็งกำไรจากเทคนิคในระยะสั้นเท่านั้น."
CNP,"CenterPoint Energy, Inc.",Utilities,Multi-Utilities,2026-03-15,44.01,7.8,30.1,44.02,33.83,40.72,38.4,Uptrend,62.33,Neutral,18.57,28.79,27.51,21.08,1.6,209.0,9.64,206.6,9.36,1.05,0.54,0.6,ข่าวส่วนใหญ่เกี่ยวกับหุ้น CenterPoint Energy เป็นไปในทิศทางบวกมาก โดยมีการรายงานว่าราคาหุ้นทำสถิติสูงสุดใหม่และมีนักลงทุนสถาบันเข้าซื้อเพิ่มขึ้นอย่างต่อเนื่อง,"หุ้น CNP น่าสนใจด้วยแนวโน้มขาขึ้นที่แข็งแกร่งในช่วง 1 เดือนและ 1 ปี รวมถึงมี Sentiment ที่ดี
อย่างไรก็ตาม ด้วยค่า P/E ที่ค่อนข้างสูง (27.51) และความผันผวนระดับปานกลาง (18.57%) จึงเหมาะกับนักลงทุนที่มองหาการเติบโตต่อเนื่องในหุ้นขนาดใหญ่ (Large Cap) และพร้อมรับความผันผวนรวมถึงยอมรับการลงทุนในหุ้นที่ Valuation ค่อนข้างสูงได้"
CF,"CF Industries Holdings, Inc.",Materials,Fertilizers & Agricultural Chemicals,2026-03-15,129.57,34.39,72.59,136.0,66.91,94.99,88.22,Uptrend,77.69,Overbought,32.67,20.21,14.44,17.61,8.97,154.0,23.4,46.77,7.08,1.46,0.69,0.16,ข่าวเกี่ยวกับหุ้น CF Industries มีทั้งเชิงบวกที่ราคาทำสถิติสูงสุดและยังต่ำกว่ามูลค่า แต่ก็มีด้านลบที่ถูกตรวจสอบเรื่องราคาและมีการขายหุ้นโดยผู้บริหาร,"หุ้น CF (CF Industries) มีผลงานราคาที่โดดเด่นอย่างมากด้วยเทรนด์ขาขึ้นที่แข็งแกร่งและอัตรากำไรต่อส่วนผู้ถือหุ้น (ROE) ที่ยอดเยี่ยม แต่ค่า RSI ที่สูงมากถึง 77.69 บ่งชี้ว่าหุ้นอยู่ในภาวะ Overbought อย่างชัดเจนและมีความผันผวนสูง

ดังนั้น หุ้น CF จึงน่าสนใจสำหรับนักลงทุนระยะยาวที่รับความเสี่ยงได้และเชื่อมั่นในปัจจัยพื้นฐานในระยะยาว แต่สำหรับนักลงทุนระยะสั้นควรระมัดระวังเป็นพิเศษและอาจรอจังหวะการย่อตัวหรือสะสมเมื่อราคาปรับฐานลงมา"
CRL,"Charles River Laboratories International, Inc.",Health Care,Life Sciences Tools & Services,2026-03-15,155.46,-6.34,-6.87,226.77,99.75,192.01,172.63,Uptrend,43.63,Neutral,43.21,7.65,,12.69,-2.91,,-4.23,81.95,4.02,-0.14,1.65,0.0,ข่าวเกี่ยวกับหุ้น Charles River Laboratories International Inc. มี sentiment ที่ผสมผสานกัน โดยมีทั้งด้านบวก เช่น ผลประกอบการที่ดีและการซื้อหุ้นคืน และด้านลบ เช่น ความเสี่ยงและการทำผลงานได้ต่ำกว่าคู่แข่ง,"หุ้น CRL **ไม่น่าสนใจ** สำหรับนักลงทุนทั่วไปในตอนนี้ เนื่องจากมีผลประกอบการขาดทุน (P/E ไม่มี, ROE ติดลบ) และราคาปรับลดลงต่อเนื่องทั้งใน 1 เดือนและ 1 ปี พร้อมความผันผวนสูง

แม้จะระบุว่าเป็นเทรนด์ขาขึ้น (Uptrend) แต่ด้วยข้อมูลทางการเงินที่ไม่ดี จึงจัดเป็นหุ้นที่มีความเสี่ยงสูงมาก **เหมาะกับนักลงทุนเก็งกำไร** ที่รับความเสี่ยงได้สูงเป็นพิเศษและเชื่อมั่นในการฟื้นตัวของบริษัทในอนาคตเท่านั้น"
SCHW,The Charles Schwab Corporation,Financials,Investment Banking & Brokerage,2026-03-15,93.06,-2.17,28.15,106.85,68.22,98.86,94.68,Uptrend,51.03,Neutral,28.92,165.36,20.01,13.71,4.65,138.0,18.1,115.32,23.92,8.42,0.92,0.3,ข่าวส่วนใหญ่เกี่ยวกับหุ้น Charles Schwab Corp. เป็นบวก โดยมีสถาบันการเงินหลายแห่งเข้าซื้อหุ้นและผลงานของหุ้นดีกว่าคู่แข่ง แม้จะมีข่าวการขายออกและข่าวที่เป็นกลางบ้าง,"หุ้น SCHW น่าสนใจด้วยเทรนด์ขาขึ้นที่ชัดเจนและผลตอบแทน 1 ปีโดดเด่นที่ 28.15% พร้อม ROE ที่แข็งแกร่ง 18.1% บ่งชี้ถึงประสิทธิภาพการทำกำไรที่ดีเยี่ยม

เหมาะสำหรับนักลงทุนที่มองหาหุ้นเติบโตจากบริษัทขนาดใหญ่ที่มั่นคงและสามารถรับความผันผวนระดับปานกลางได้ แม้ P/E จะอยู่ที่ 20.01 ซึ่งไม่ได้ถูกมากนัก"
CHTR,"Charter Communications, Inc.",Communication Services,Cable & Satellite,2026-03-15,218.19,-9.49,-36.83,427.25,182.81,216.44,267.05,Downtrend,42.45,Neutral,38.04,28.24,6.02,4.61,36.22,,28.67,482.33,54.77,4.99,1.02,0.1,ข่าวเกี่ยวกับ Charter Communications แสดงให้เห็นถึงการลงทุนจากสถาบันและผลงานที่เหนือกว่าคู่แข่งในบางโอกาส แม้ว่าจะมีความกังวลเกี่ยวกับการลดลงของราคาหุ้นและการทำผลงานที่ต่ำกว่าคู่แข่งในบางช่วงเวลา,"หุ้น CHTR กำลังอยู่ในช่วงขาลงอย่างชัดเจนด้วยราคาที่ลดลงมากถึง 36.83% ในหนึ่งปี และมี Volatility สูง ถึงแม้จะมี P/E ต่ำมากที่ 6.02 และ ROE ที่แข็งแกร่งถึง 28.67% ซึ่งบ่งชี้ถึงพื้นฐานที่ดีในแง่ของความสามารถในการทำกำไร แต่ Sentiment โดยรวมยังไม่ดีนัก

**สรุป:** หุ้นตัวนี้ **น่าสนใจสำหรับนักลงทุนที่รับความเสี่ยงสูง** และมองหาหุ้นแนว Turnaround หรือ Value Play ที่เชื่อมั่นในพื้นฐานระยะยาว แต่ไม่เหมาะกับนักลงทุนมือใหม่หรือสายอนุรักษ์นิยม เนื่องจากยังมีความไม่แน่นอนสูงและอาจต้องใช้เวลาในการฟื้นตัว."
CVX,Chevron Corporation,Energy,Integrated Oil & Gas,2026-03-15,196.82,6.96,33.9,196.97,127.97,175.49,155.24,Uptrend,70.53,Overbought,22.27,393.51,29.69,21.0,6.63,362.0,7.23,24.32,184.65,12.3,0.66,0.68,ข่าวส่วนใหญ่เป็นบวก โดยแสดงให้เห็นว่านักลงทุนสถาบันหลายรายเพิ่มการถือครองหุ้น Chevron และบริษัทมีเป้าหมายลดต้นทุน ซึ่งส่งผลให้ราคาเป้าหมายสูงขึ้นมาก.,หุ้น CVX กำลังอยู่ในช่วงขาขึ้นที่แข็งแกร่งและมีผลตอบแทนดีทั้งในระยะสั้นและยาว **น่าสนใจสำหรับนักลงทุนที่เน้นการเล่นตามโมเมนตัม (Momentum Trading) และรับความเสี่ยงได้สูง** อย่างไรก็ตาม RSI ที่เข้าสู่ภาวะ Overbought และค่า P/E ที่ค่อนข้างสูง อาจบ่งชี้ว่าราคามีโอกาสปรับฐานในระยะสั้น จึงควรระมัดระวังเป็นพิเศษในการเข้าซื้อและติดตามสถานการณ์อย่างใกล้ชิด.
CMG,"Chipotle Mexican Grill, Inc.",Consumer Discretionary,Restaurants,2026-03-15,32.52,-12.63,-33.26,58.24,29.81,38.01,41.3,Downtrend,25.63,Oversold,32.38,43.0,28.53,23.75,1.14,,47.36,179.32,11.93,1.54,1.02,0.2,โดยรวมแล้ว ข่าวหุ้น Chipotle มีทั้งคำถามเกี่ยวกับการลงทุนระยะยาว การลดสัดส่วนหุ้นของนักลงทุนสถาบัน หุ้นที่เป็นที่สนใจ และการให้คำแนะนำ 'ซื้อ' จากนักวิเคราะห์ ซึ่งแสดงให้เห็นถึงภาพรวมที่เป็นบวกเล็กน้อย,"หุ้น CMG อยู่ในช่วงขาลงอย่างชัดเจน ราคาลดลงอย่างมากในช่วง 1 ปี และ RSI เข้าเขต Oversold ซึ่งบ่งชี้ถึงการขายมากเกินไป แม้จะมี ROE ที่สูงถึง 47.36% แสดงถึงความสามารถในการทำกำไรที่ดี แต่ P/E ที่ 28.53 ถือว่ายังสูงเมื่อเทียบกับภาวะปัจจุบัน และ Sentiment ตลาดเป็นลบ

ดังนั้น หุ้น CMG อาจน่าสนใจสำหรับนักลงทุนที่รับความเสี่ยงสูงและมองหาโอกาสเก็งกำไรระยะสั้นจากการฟื้นตัวทางเทคนิค (technical rebound) มากกว่าการลงทุนระยะยาวในตอนนี้ เนื่องจากยังมีความผันผวนสูงและแนวโน้มหลักยังเป็นขาลง"
CB,Chubb Limited,Financials,Property & Casualty Insurance,2026-03-15,328.97,0.26,15.09,341.75,265.21,318.64,292.27,Uptrend,45.98,Neutral,18.94,129.47,12.81,11.32,25.69,118.0,14.34,30.94,59.63,10.31,0.49,0.3,ข่าวส่วนใหญ่เกี่ยวกับ Chubb Limited (CB) เป็นเชิงบวก โดยมีการลดทุนและดึงดูดความสนใจจากนักลงทุน แม้จะมีการขายหุ้นบางส่วนและประเด็นเรื่องมูลค่าที่สูงเกินไปบ้าง,"หุ้น Chubb (CB) น่าสนใจในระยะยาว ด้วยแนวโน้มขาขึ้นที่ชัดเจนและผลตอบแทน 1 ปีที่ 15.09% มีพื้นฐานแข็งแกร่ง (P/E 12.81, ROE 14.34%) และ RSI เป็นกลาง ทำให้เหมาะสำหรับนักลงทุนที่มองหาหุ้นมั่นคงเพื่อการเติบโตปานกลางถึงระยะยาว ไม่เน้นความผันผวนสูงในระยะสั้น"
CHD,"Church & Dwight Co., Inc.",Consumer Staples,Household Products,2026-03-15,97.75,-2.4,-9.78,109.34,81.26,96.01,91.65,Uptrend,24.54,Oversold,19.58,23.47,32.37,24.19,3.02,126.0,17.62,59.52,6.2,0.74,0.43,-0.08,ข่าวส่วนใหญ่เป็นเรื่องเกี่ยวกับโบสถ์ที่เผชิญกับความท้าทายต่างๆ ตั้งแต่ความตึงเครียดภายในและการวิพากษ์วิจารณ์จากสังคม ไปจนถึงการหยุดชะงักจากสภาพอากาศที่รุนแรง โดยมีรายงานเชิงบวกหนึ่งเรื่องเกี่ยวกับการส่งเสริมประวัติศาสตร์ร่วมกัน,"หุ้น CHD น่าสนใจสำหรับนักลงทุนที่มองหาโอกาส ""ซื้อเมื่อราคาอ่อนตัว"" เนื่องจากมีสัญญาณ Oversold อย่างชัดเจน (RSI 24.54) แม้ราคาปัจจุบันจะลดลงแต่ภาพรวมยังอยู่ในเทรนด์ขาขึ้น

แม้ P/E จะสูงที่ 32.37 แต่มี ROE ที่แข็งแกร่ง (17.62%) ทำให้เหมาะสำหรับนักลงทุนระยะยาวที่เน้นคุณภาพและความมั่นคงของธุรกิจ โดยอาจต้องพิจารณาจังหวะเข้าซื้ออย่างรอบคอบเนื่องจาก Valuation ที่ค่อนข้างแพง"
CIEN,Ciena Corporation,Information Technology,Communications Equipment,2026-03-15,337.38,13.5,441.45,353.73,53.5,283.15,173.17,Uptrend,47.77,Neutral,49.97,47.73,212.19,41.03,1.59,,8.2,56.93,5.12,0.23,1.09,0.2,ข่าวเกี่ยวกับหุ้น Ciena มีทั้งด้านบวกจากโอกาสการเติบโต คำแนะนำให้ซื้อ และการเป็นหุ้นสำคัญของกองทุน แต่ก็มีข่าวที่สะท้อนถึงการที่ราคาหุ้นตกลงอย่างมากแม้จะมีผลประกอบการดีเกินคาด,"CIEN อยู่ในเทรนด์ขาขึ้นที่แข็งแกร่งมาก โดยราคาพุ่งขึ้นกว่า 400% ใน 1 ปี และ 13.5% ใน 1 เดือน แต่มีค่า P/E สูงถึง 212.19 เท่า และมีความผันผวนสูง

หุ้นตัวนี้น่าสนใจสำหรับนักลงทุนที่รับความเสี่ยงได้สูง เน้นการเติบโต และคาดหวังผลกำไรจากการเก็งกำไรระยะสั้นหรือกลาง มากกว่านักลงทุนที่มองหาหุ้นคุณค่าหรือความมั่นคงในระยะยาว."
CI,The Cigna Group,Health Care,Health Care Services,2026-03-15,267.19,-8.84,-12.55,332.99,241.71,278.12,286.02,Downtrend,35.05,Neutral,29.82,71.37,12.05,7.98,22.18,234.0,15.13,75.14,274.9,5.96,0.23,0.22,โดยรวมแล้ว ข่าวเกี่ยวกับ Cigna มีแนวโน้มเป็นบวกเล็กน้อย โดยเฉพาะจากนักลงทุนรายใหญ่ที่เพิ่มสัดส่วนการถือครองและราคาหุ้นที่ต่ำกว่าค่าเฉลี่ยอุตสาหกรรม แม้จะมีการเปลี่ยนแปลงภายในและการขายหุ้นจากผู้บริหารระดับสูงก็ตาม,"หุ้น CI (The Cigna Group) กำลังอยู่ในเทรนด์ขาลงอย่างชัดเจน ราคาลดลงอย่างมีนัยสำคัญในช่วงที่ผ่านมา พร้อมความผันผวนสูงและ Sentiment ที่ไม่ดีนัก ทำให้ยังไม่น่าสนใจสำหรับนักลงทุนทั่วไปที่มองหาการเติบโตหรือความมั่นคงในระยะสั้น

อย่างไรก็ตาม ด้วย P/E ที่ 12.05 และ ROE 15.13% อาจดึงดูดนักลงทุนเน้นคุณค่าที่รับความเสี่ยงสูง มองหาโอกาสในระยะยาว และเชื่อมั่นในการฟื้นตัวของบริษัทในอนาคต."
CINF,Cincinnati Financial Corporation,Financials,Property & Casualty Insurance,2026-03-15,163.82,0.22,18.03,172.65,124.49,163.5,156.47,Uptrend,56.83,Neutral,22.8,25.56,10.8,17.8,15.17,217.0,16.04,5.57,12.63,2.39,0.64,0.1,ข่าวส่วนใหญ่มีความหลากหลาย มีทั้งด้านบวกที่แสดงถึงผลการดำเนินงานที่ดีเยี่ยมและการเติบโต แต่ก็มีประเด็นความกังวลเรื่องการลดสัดส่วนการลงทุนและการประเมินมูลค่าที่สูงเกินไป,"หุ้น CINF น่าสนใจด้วยแนวโน้มขาขึ้นที่แข็งแกร่ง (1 ปี +18.03%) และการประเมินมูลค่าที่น่าดึงดูด (P/E 10.8 เท่า) เมื่อเทียบกับความสามารถในการทำกำไรที่ยอดเยี่ยม (ROE 16.04%)

เหมาะสำหรับนักลงทุนที่มองหาหุ้นที่มีเสถียรภาพ, คุณภาพดี และมีศักยภาพในการเติบโตระยะยาว มากกว่าหุ้นที่เน้นความผันผวนสูง"
CTAS,Cintas Corporation,Industrials,Diversified Support Services,2026-03-15,194.28,-2.81,2.82,226.13,181.19,194.58,201.23,Downtrend,43.04,Neutral,20.87,78.07,42.05,35.96,4.62,93.0,43.4,72.66,10.79,1.89,0.94,0.12,ข่าวส่วนใหญ่เน้นการที่ Cintas เข้าซื้อกิจการ UniFirst ซึ่งเป็นเชิงบวกต่อหุ้น UniFirst ที่ปรับตัวขึ้นอย่างเห็นได้ชัด แม้จะมีข่าวการขายหุ้น Cintas โดยกองทุนรายใหญ่ปรากฏอยู่ก็ตาม,"CTAS เป็นหุ้นที่มีความสามารถในการทำกำไรสูง (ROE 43.4%) แต่มีราคาค่อนข้างแพงเมื่อเทียบกับกำไร (P/E 42.05) และกำลังอยู่ในเทรนด์ขาลง หุ้นตัวนี้จึงอาจยังไม่น่าสนใจสำหรับนักลงทุนที่เน้นความคุ้มค่าหรือมองหาโมเมนตัมขาขึ้นในระยะสั้น

**เหมาะสำหรับ:** นักลงทุนระยะยาวที่เชื่อมั่นในศักยภาพการเติบโตของธุรกิจคุณภาพสูงและพร้อมจ่ายพรีเมียม แต่ต้องรับความเสี่ยงจากเทรนด์ขาลงและราคาที่สูงไว้ด้วย"
CSCO,"Cisco Systems, Inc.",Information Technology,Communications Equipment,2026-03-15,78.33,-8.43,34.46,86.78,52.27,78.03,71.72,Uptrend,52.16,Neutral,22.22,309.49,28.18,17.35,2.78,214.0,23.75,66.51,59.05,11.08,0.83,-0.3,ภาพรวมข่าวเกี่ยวกับ Cisco มีแนวโน้มเป็นลบเล็กน้อยจากความกังวลด้านมูลค่าหุ้นและการลดสัดส่วนการลงทุน แม้จะมีข่าวดีด้าน AI เข้ามาบ้าง,"หุ้น CSCO น่าสนใจสำหรับนักลงทุนที่มองหาการเติบโตอย่างมั่นคงในระยะยาว เนื่องจากอยู่ในแนวโน้มขาขึ้นที่แข็งแกร่ง (1 ปี +34.46%) และมี ROE สูงถึง 23.75% แสดงถึงประสิทธิภาพการทำกำไรที่ดีเยี่ยม

แม้จะมีราคาปรับฐานเล็กน้อยใน 1 เดือน (-8.43%) และ Sentiment เป็นลบเล็กน้อย ซึ่งอาจเป็นโอกาสในการเข้าซื้อเมื่อมีการพักตัว หุ้นนี้จึงเหมาะกับนักลงทุนที่เน้นคุณค่าและสามารถรับความผันผวนระยะสั้นได้บ้าง"
C,Citigroup Inc.,Financials,Diversified Banks,2026-03-15,105.69,-9.97,61.29,123.77,56.66,114.54,99.89,Uptrend,40.85,Neutral,28.33,184.89,15.12,8.74,6.99,227.0,6.83,,75.72,13.02,1.13,0.2,แม้จะมีข่าวการขายหุ้นและราคาที่ตกลงบ้าง แต่ข่าวส่วนใหญ่ของ Citigroup สะท้อนถึงมุมมองเชิงบวกจาก CEO และการได้รับการปรับเพิ่มอันดับจากนักวิเคราะห์ รวมถึงการลงทุนเชิงกลยุทธ์,"หุ้น C (Citigroup) มีแนวโน้มขาขึ้นที่แข็งแกร่งในรอบ 1 ปี (ราคาขึ้นกว่า 61%) แต่ราคาเพิ่งปรับลดลงเกือบ 10% ในเดือนล่าสุด พร้อม RSI ที่เป็นกลาง ทำให้เป็นจังหวะที่น่าสนใจสำหรับนักลงทุนที่รับความผันผวนได้และมองหาหุ้นที่อยู่ในช่วงพักตัวแต่ยังมีแนวโน้มเชิงบวกระยะยาว

อย่างไรก็ตาม ควรพิจารณา ROE ที่ค่อนข้างต่ำ (6.83%) แม้ P/E จะอยู่ในระดับปานกลาง (15.12) ซึ่งบ่งชี้ถึงประสิทธิภาพการทำกำไรที่อาจไม่โดดเด่นเท่าที่ควร ดังนั้นจึงเหมาะกับนักลงทุนที่เน้นการเติบโตของราคาและติดตามข่าวสารอย่างใกล้ชิด มากกว่านักลงทุนที่เน้นหุ้นคุณค่าที่ให้ผลตอบแทนสูงจากพื้นฐานแข็งแกร่งอย่างสม่ำเสมอ."
CFG,"Citizens Financial Group, Inc.",Financials,Regional Banks,2026-03-15,55.64,-16.78,45.17,68.12,33.06,62.06,52.55,Uptrend,27.12,Oversold,34.39,23.9,14.41,8.84,3.86,331.0,7.24,,7.64,1.69,1.08,0.0,ข่าวเกี่ยวกับ Citizens Financial Group มีทั้งเชิงบวกและเชิงลบผสมกัน ทำให้ภาพรวมของ sentiment เป็นกลาง,"CFG เป็นหุ้นที่อยู่ในเทรนด์ขาขึ้น ทำผลงานได้ดีกว่า 45% ในรอบปีที่ผ่านมา แม้ราคาจะปรับฐานลงมาแรงถึง 16.78% ในเดือนล่าสุด ปัจจุบัน RSI อยู่ในระดับ Oversold (27.12) บ่งชี้ถึงโอกาสที่ราคาจะดีดตัวกลับ

จึงน่าสนใจสำหรับ**นักลงทุนที่มองหาจังหวะเข้าซื้อหุ้นที่ราคาอ่อนตัวลงมา** และ**สามารถรับความผันผวนได้สูง** เพื่อหวังผลตอบแทนจากการฟื้นตัวในระยะสั้นถึงกลาง"
CLX,The Clorox Company,Consumer Staples,Household Products,2026-03-15,110.68,-12.12,-21.59,142.83,96.36,114.55,115.04,Downtrend,21.95,Oversold,22.77,13.5,18.11,16.24,6.11,448.0,987.18,9191.43,6.76,0.76,0.57,0.5,ข่าวส่วนใหญ่สะท้อนมุมมองเชิงบวกเกี่ยวกับเงินปันผลที่มั่นคงและการที่นักลงทุนมีโอกาสซื้อหุ้นในราคาที่น่าสนใจ แม้จะมีความอ่อนตัวของราคาหุ้นเมื่อเร็วๆ นี้ก็ตาม.,"หุ้น CLX กำลังอยู่ในช่วงขาลงอย่างชัดเจน โดยราคาลดลงกว่า 20% ในรอบ 1 ปี และค่า RSI บ่งชี้ว่าอยู่ในภาวะ Oversold อย่างมาก (21.95) ซึ่งอาจเป็นสัญญาณการฟื้นตัวระยะสั้นได้ แม้พื้นฐานจะแข็งแกร่งด้วย P/E 18.11 และ ROE สูงถึง 987% แต่ความผันผวนก็ค่อนข้างสูง (22.77%)

ดังนั้น หุ้น CLX **น่าสนใจ** สำหรับนักลงทุนระยะยาวที่มองหาหุ้นพื้นฐานดีในจังหวะราคาตกหนัก และนักลงทุนที่รับความเสี่ยงได้สูงเพื่อเข้าซื้อเมื่อ RSI บ่งชี้ว่า Oversold เพื่อหวังการฟื้นตัวระยะสั้น-กลาง"
CME,CME Group Inc.,Financials,Financial Exchanges & Data,2026-03-15,311.4,5.41,24.43,318.84,243.07,288.7,270.36,Uptrend,53.76,Neutral,17.66,111.95,27.93,24.5,11.15,167.0,14.75,13.08,6.51,4.02,0.26,-0.12,ข่าวเกี่ยวกับ CME Group โดยรวมแสดงความรู้สึกเป็นกลางถึงติดลบเล็กน้อย โดยมีทั้งการเพิ่มและลดสัดส่วนการลงทุน รวมถึงความตึงเครียดด้านนโยบายและสัญญาณที่ไม่ชัดเจนจากนักวิเคราะห์,"หุ้น CME กำลังอยู่ในแนวโน้มขาขึ้นที่แข็งแกร่ง พร้อมผลตอบแทนที่ดีทั้งระยะสั้นและยาว โดยมี RSI ที่เป็นกลางและ ROE ที่น่าสนใจ แม้จะมี P/E ที่ค่อนข้างสูง ซึ่งอาจไม่ได้เป็นหุ้นราคาถูก

ดังนั้น หุ้นตัวนี้น่าสนใจสำหรับนักลงทุนที่มองหาการเติบโตในระยะยาวและเน้นหุ้นคุณภาพที่มีพื้นฐานดี แต่ควรยอมรับ P/E ที่สูงและอาจไม่เหมาะกับนักลงทุนสายเน้นคุณค่า (Value Investor) ที่มองหาหุ้นราคาถูกเป็นหลัก"
